ano,Entidade,industria_base,empresas
2018,SENAI,False,51
2018,SENAI,True,35
2019,SENAI,False,156
2019,SENAI,True,96
2019,SESI,True,1
2020,SENAI,False,158
2020,SENAI,True,134
2021,SENAI,False,204
2021,SENAI,True,341
2022,SENAI,False,214
2022,SENAI,True,329
2023,SENAI,False,156
2023,SENAI,True,239
2024,SENAI,False,171
2024,SENAI,True,417
2024,SESI,False,134
2024,SESI,True,152
2025,SENAI,False,198
2025,SENAI,True,448
2025,SESI,False,426
2025,SESI,True,520
2026,SENAI,False,164
2026,SENAI,True,426
2026,SESI,False,341
2026,SESI,True,418
