hub,tipo,via,empresas,ja_clientes,clientes_ativos,sem_compra,segmentos,exemplos,porta_de_entrada,tipo_canal,provavel_contabilidade
@realcontabil-al.com.br,canal,e-mail,222,12,10,210,Construcao; Comércio atacadista de produtos alimentícios em geral; Industria de transformacao,WATAL PATACHO ECO BOUTIQUE RESIDENCE SPE LTDA; CAVALCANTE & ROLIM DESIGN SPE LTDA; SOTELI - SERVICO E ORIENTACAO TECNICA EM ELETRICIDADE LTDA,True,Contabilidade,True
@cleodoncontabilidade.com.br,canal,e-mail,158,9,7,149,Comércio varejista de combustíveis para veículos automotores; Construcao; Industria de transformacao,"ANGAR EXTRACAO DE AREIA, ESTACIONAMENTO E LOCADORA LTDA; CONSPEL - LOCACAO DE MAQUINAS LTDA; NICOLAS AGOSTINHO P SANTOS LTDA",True,Contabilidade,True
@dcampos.com.br,canal,e-mail,90,11,10,79,"Construcao; Atividades de consultoria em gestão empresarial, exceto consultoria técnica específica; Planos de saúde",AG2 EMPREENDIMENTOS LTDA; DOMINGUES & DOMINGUES INVESTIMENTOS E PARTICIPACOES SPE LTDA; IPIOCA BEACH HOME SPE LTDA,True,Outro,False
@taticacontabilidade.com,canal,e-mail,82,3,1,79,Construcao; Atividade médica ambulatorial com recursos para realização de procedimentos cirúrgicos; Atividade médica ambulatorial com recursos para realização de exames complementares,VIVENDI EMPREENDIMENTOS LTDA.; VSA EMPREENDIMENTO IMOBILIARIO SPE LTDA; VM EMPREENDIMENTO IMOBILIARIO SPE LTDA,True,Contabilidade,True
@fkcontadores.com.br,canal,e-mail,81,5,5,76,Construcao; Aluguel de imóveis próprios; Atividades de atenção ambulatorial não especificadas anteriormente,VIVER BEM PROJETO 05 EMPREENDIMENTO IMOBILIARIO SPE LTDA; VIVER BEM PROJETO 02 EMPREENDIMENTO IMOBILIARIO SPE LTDA; VIVER BEM PROJETO 03 EMPREENDIMENTO IMOBILIARIO SPE LTDA,True,Contabilidade,True
@outlook.com.br,canal,e-mail,76,4,4,72,Industria de transformacao; Construcao; Atividades profissionais e tecnicas,SOLUCAO CONSTRUCOES E SERVICOS LTDA; LATICINIO SERRA DO VENTO LTDA; MEGA INSTALACOES LTDA,True,Outro,False
@mouraemoura.com.br,canal,e-mail,57,3,3,54,Construcao; Compra e venda de imóveis próprios; Industria de transformacao,GAMMA SOLUCOES LTDA; CRUZ DAS ALMAS EMPREENDIMENTO IMOBILIARIO SPE LTDA; BOTANIC VIEW CLUB RESIDENCE SPE LTDA,True,Outro,False
@3rcontabilidade-al.com.br,canal,e-mail,55,2,2,53,Construcao; Atividade odontológica; Atividade médica ambulatorial restrita a consultas,KUNLATEK - COOPERATIVA DE TRABALHO PARA PLANEJAMENTO E DESENVOLVIMENTO DE SISTEMAS; COOPERATIVA DE TRABALHO DE COSTUREIRAS DE ATALAIA-INOVARTE LTDA; COOPERATIVA DE TRABALHO DOS PROFISSIONAIS DA ASSEMBLEIA DE DEUS EM SATUBA,True,Contabilidade,True
@checkup-al.com.br,canal,e-mail,49,3,3,46,Atividade médica ambulatorial com recursos para realização de procedimentos cirúrgicos; Atividades profissionais e tecnicas; Atividade médica ambulatorial restrita a consultas,MELRO CONSTRUCOES E AVALIACOES LTDA; M A DA SILVA JUNIOR LTDA; CONSTRUTORA BUARQUE LTDA,True,Outro,False
@metodocontabilidade.net.br,canal,e-mail,47,2,1,45,Construcao; Aluguel de imóveis próprios; Cultivo de cana-de-açúcar,AM3 ENGENHARIA LTDA; CONSORCIO URBANIZACAO TABULEIRO DO SUL 2; CONSORCIO ETICA ENERGIA,True,Contabilidade,True
@lcpasolucoes.com.br,canal,e-mail,42,1,1,41,"Construcao; Atividades de atendimento hospitalar, exceto pronto-socorro e unidades para atendimento a urgências; Atividades profissionais e tecnicas",PHS ENGENHARIA LTDA; CITECON MATCH SPE LTDA; TATUAMUNHA EMPREENDIMENTOS SPE LTDA,True,Outro,False
@oi.com.br,canal,e-mail,40,0,0,40,"Industria de transformacao; Construcao; Comércio varejista de mercadorias em geral, com predominância de produtos alimentícios - minimercados, mercearias e armazéns",MARCOS LUIZ DA SILVA SANTOS; M & R BARBOSA LTDA; K A SILVA DE OLIVEIRA PANIFICACAO,False,Outro,False
@gacontabilidadeal.com,canal,e-mail,38,0,0,38,Construcao; Atividades profissionais e tecnicas; Industria de transformacao,JRV ENGENHARIA LTDA; CONTROLE - CONSULTORIA EM ENGENHARIA DE SEGURANCA DO TRABALHO E MEIO AMBIENTE LTDA; CVT CONSTRUCOES LTDA,False,Contabilidade,True
@pretorian.net.br,canal,e-mail,42,5,4,37,Construcao; Industria de transformacao; Restaurantes e similares,ESTELAR INDUSTRIA DE ACO LTDA; BEZERRA INDUSTRIA DE ACO E SERVICOS LTDA; NEW SEA INDUSTRIA E COMERCIO DE PESCADOS LTDA,True,Outro,False
@candidocont.com,canal,e-mail,36,0,0,36,Construcao; Atividades profissionais e tecnicas; Industria de transformacao,CFX ENGENHARIA SPE LTDA; META PILAR EMPREENDIMENTOS IMOBILIARIOS SPE LTDA; META ATALAIA EMPREENDIMENTOS IMOBILIARIOS SPE LTDA,False,Contabilidade,True
@vistecon.com.br,canal,e-mail,36,2,2,34,"Atividades de consultoria em gestão empresarial, exceto consultoria técnica específica; Transporte e armazenagem; Ensino fundamental",SALLES SERVICOS POSTAIS LTDA; FABIO JUNIOR VIEIRA DE LIMA LTDA; ATMOS ENGENHARIA LTDA,True,Outro,False
@pluscont.com.br,canal,e-mail,35,1,1,34,Construcao; Loteamento de imóveis próprios; Industria de transformacao,AMARANTE EMPREENDIMENTO IMOBILIARIO SPE LTDA; EMBAIXADOR II EMPREENDIMENTO IMOBILIARIO SPE LTDA; RESIDENCIAL ANTONIO NETO EMPREENDIMENTO IMOBILIARIO SPE LTDA,True,Contabilidade,True
@contabilizei.com.br,canal,e-mail,33,0,0,33,Atividades profissionais e tecnicas; Informacao e comunicacao; Construcao,JORGE DE GOES MASCARENHAS NETO LTDA; SOUZA E SOUZA CRUZ LTDA; W2R SABINO ENGENHARIA E CONSULTORIA LTDA,False,Contabilidade,True
@contato.com,canal,e-mail,33,1,1,32,Construcao; Compra e venda de imóveis próprios; Industria de transformacao,TEXFORM GESTAO E EDITORIAL LTDA; ALGARVE INCORPORACAO SPE LTDA; DLSM CONSTRUCOES E INCORPORACOES LTDA,True,Outro,False
@concentre-al.com.br,canal,e-mail,31,0,0,31,"Construcao; Cabeleireiros, manicure e pedicure; Atividades de estética e outros serviços de cuidados com a beleza",CONSOCIO CANAFISTULA AL220; PEREIRA LUCIO & AR ENGENHARIA -GIRAU DO PONCIANO/AL; CIMCOL CONSTRUCOES LTDA,False,Outro,False
@telesil.com.br,canal,e-mail,45,15,15,30,Construcao; Atividades profissionais e tecnicas; Serviços combinados de escritório e apoio administrativo,CONDOMINIO RESERVA DO CAJUEIRO EMPREENDIMENTO IMOBILIARIO SPE LTDA; CONDOMINIO N. PEDROSA EMPREENDIMENTO IMOBILIARIO SPE LTDA; RESIDENCIAL C. ALBUQUERQUE EMPREENDIMENTO IMOBILIARIO SPE LTDA,True,Outro,False
@consulplancontabil.com.br,canal,e-mail,29,0,0,29,"Comércio atacadista de mercadorias em geral, sem predominância de alimentos ou de insumos agropecuários; Construcao; Atividades profissionais e tecnicas",CONSORCIO HOSPITAL REGIONAL DE UNIAO DOS PALMARES; C2 CONSTRUCOES E LOCACOES LTDA; TPC - RH ESPECIALIZADO EM ENGENHARIA LTDA,False,Contabilidade,True
@engenhariademateriaisltda.com.br,canal,e-mail,38,10,9,28,Construcao; Outros alojamentos não especificados anteriormente,ENGENHARIA DE MATERIAIS LTDA; CONSORCIO CRECHES SEDUC/AL 2024.; CONSORCIO PAVIMENTACAO E DRENAGEM RUAS DE MACEIO,True,Outro,False
@decisaocontab.cnt.br,canal,e-mail,26,0,0,26,Construcao; Comercio e reparacao de veiculos; Atividade médica ambulatorial com recursos para realização de procedimentos cirúrgicos,"SEBASTIANA NUNES DOS SANTOS; ARAFORTE SOLUCOES EM CONSTRUCAO CIVIL, IMOBILIARIA & CONSULTORIA LTDA; M. S. A. R. CONSTRUTORA RAIZ LTDA.",False,Contabilidade,True
@shoppingcontabil.com.br,canal,e-mail,31,6,5,25,"Aluguel de imóveis próprios; Comércio atacadista de produtos de higiene, limpeza e conservação domiciliar; Comércio varejista de mercadorias em geral, com predominância de produtos alimentícios - minimercados, mercearias e armazéns",ACENDER ENGENHARIA LTDA EM RECUPERACAO JUDICIAL; CAD SOLUCOES EM ENGENHARIA LTDA; A B LOCACAO DE VEICULOS LTDA,True,Contabilidade,True
@escritabilcontabilidade.com.br,canal,e-mail,27,2,2,25,Industria de transformacao; Comércio atacadista especializado em outros produtos intermediários não especificados anteriormente; Comércio varejista de combustíveis para veículos automotores,MAGENTA GRAFICA E EDITORA LTDA; CLEISSON NOGUEIRA DOS SANTOS LTDA; NEIDE R. CUNHA MARCENARIA,True,Contabilidade,True
@mconsult.cnt.br,canal,e-mail,25,0,0,25,Industria de transformacao; Construcao; Comercio e reparacao de veiculos,SCI CONSTRUTORA E INCORPORADORA LTDA; J G CONSTRUTORA LTDA; HOLDING PATRIMONIAL LTDA,False,Assessoria / despachante,False
@g2asolucoescontabeis.cnt.br,canal,e-mail,28,4,4,24,Industria de transformacao; Atividades de cobranças e informações cadastrais; Serviços combinados de escritório e apoio administrativo,RM INDUSTRIA E COMERCIO LTDA; FRIGORIFICO JCS LTDA; E F GONCALVES LTDA,True,Contabilidade,True
@zerooitodoiscontabil.com.br,canal,e-mail,23,0,0,23,Comercio e reparacao de veiculos; Construcao; Atividades de rádio,ACTUS INVESTIMENTOS LTDA; ASSOCIACAO RC GERACAO DE ENERGIA; MCZ ILUMINACAO AUTOMOTIVA LTDA,False,Contabilidade,True
@contabeispratica.com.br,canal,e-mail,22,0,0,22,Construcao; Industria de transformacao; Comercio e reparacao de veiculos,LN CONSTRUCOES E SERVICOS LTDA; NAC EMPREENDIMENTOS IMOBILIARIOS LTDA; L2 HOLDING LTDA,False,Contabilidade,True
@mmconsultores.net.br,canal,e-mail,22,2,0,20,Construcao; Atividades profissionais e tecnicas; Comercio e reparacao de veiculos,TECMASTER ENGENHARIA E CONSTRUCOES LTDA - EM RECUPERACAO JUDICIAL; LECON - CONSTRUCOES E EMPREENDIMENTOS IMOBILIARIOS LTDA; SCP-LAGOS DO FRANCES ALFA,True,Assessoria / despachante,False
@contfycontabilidade.com,canal,e-mail,19,0,0,19,Atividades veterinárias; Construcao; Industria de transformacao,JVT ENGENHARIA LTDA.; UZITECH SOLUCOES EM SEGURANCA ELETRONICA LTDA; R C DA SILVA CRIATIVA SERVICOS,False,Contabilidade,True
@upcontabil.cnt.br,canal,e-mail,19,0,0,19,"Construcao; Atividades profissionais e tecnicas; Comércio atacadista de mercadorias em geral, sem predominância de alimentos ou de insumos agropecuários","PONTA DA ASA INCORPORACAO SPE LTDA; OPERENG, SOLUCOES AMBIENTAIS LTDA; ACCIOLY & BARBOSA INCORPORACOES LTDA",False,Contabilidade,True
@controlecontadores.com.br,canal,e-mail,21,3,1,18,Construcao; Gestão e administração da propriedade imobiliária; Industria extrativa,MASTERY EMPREENDIMENTOS IMOBILIARIOS LTDA; GPS EMPREENDIMENTOS LTDA SCP; GPS ENGEMAT SCP,True,Contabilidade,True
@cacicontabil.com.br,canal,e-mail,20,2,2,18,"Industria de transformacao; Industria extrativa; Comércio varejista de mercadorias em geral, com predominância de produtos alimentícios - supermercados",INDUSTRIA REUNIDAS DOCES UNIAO LTDA; INDUSTRIA DE RACOES CANTO NATURAL LTDA; INDUSTRIA DE MICRONIZACAO DE PVC LTDA,True,Contabilidade,True
@montesoares.com.br,canal,e-mail,20,2,2,18,Industria de transformacao; Compra e venda de imóveis próprios; Comércio varejista de artigos do vestuário e acessórios,CAOFLEX INDUSTRIA E COMERCIO LTDA; CASA DO COCO INDUSTRIA ALIMENTICIA LTDA; FORMINOX INDUSTRIA E COMERCIO DE PIAS E CUBAS LTDA,True,Outro,False
@nacontabilidade.com.br,canal,e-mail,19,1,1,18,"Construcao; Comércio varejista de mercadorias em geral, com predominância de produtos alimentícios - minimercados, mercearias e armazéns; Industria de transformacao",CONSORCIO VIAS DO NORTE 2 ETAPA; CONSORCIO PAV VIAS DO SAO FRANCISCO; CONSORCIO PLANALTO DA BORBOREMA 2 ETAPA,True,Contabilidade,True
@atuaenergia.com,canal,e-mail,18,0,0,18,Eletricidade e gas,CONSORCIO DELMIRO GOUVEIA I; CONSORCIO DELMIRO GOUVEIA II; CONSORCIO DELMIRO GOUVEIA III,False,Outro,False
@kaizencontabil.com.br,canal,e-mail,18,0,0,18,"Comércio varejista de doces, balas, bombons e semelhantes; Comércio atacadista de produtos alimentícios em geral; Representantes comerciais e agentes do comércio de produtos alimentícios, bebidas e fumo",AP ENGENHARIA LTDA; BELLA GROUP INDUSTRIA E COMERCIO LTDA; AGROPECUARIA SAMAMBAIA LTDA,False,Contabilidade,True
@conteg-al.com.br,canal,e-mail,18,1,1,17,Comércio varejista de artigos de óptica; Atividade médica ambulatorial restrita a consultas; Restaurantes e similares,CONSORCIO CC 01/2024 - PAVIMENTACAO ATALAIA; PREM ENGENHARIA CONSULTORIA E LOCACAO LTDA; ESTRUTURAL EMPREENDIMENTOS E SERVICOS DE ENGENHARIA LTDA,True,Outro,False
@me.com,canal,e-mail,18,1,1,17,"Construcao; Agenciamento de espaços para publicidade, exceto em veículos de comunicação; Industria de transformacao",INSIGNIA PARTICIPACOES E EMPREENDIMENTOS LTDA; MARCENARIA CARMEL LTDA; RIOS CONSTRUCOES LTDA,True,Outro,False
@liracampos.com.br,canal,e-mail,17,0,0,17,"Comércio varejista de suvenires, bijuterias e artesanatos; Construcao; Agua, esgoto e residuos",BIO-ESSENCIAL LTDA; ZAMPIERI & CIA INCORPORACOES SPE LTDA; CMAR URBANISMO E CONSTRUCOES LTDA,False,Outro,False
@rscontabilizando.cnt.br,canal,e-mail,17,0,0,17,"Comércio a varejo de automóveis, camionetas e utilitários usados; Construcao; Industria de transformacao",BRV+ INVESTIMENTOS IMOBILIARIOS LTDA; TBS TERRAPLANAGENS LTDA; B. S. DE FARIAS CONSTRUTORA LTDA,False,Contabilidade,True
@gmail.com.br,canal,e-mail,19,3,3,16,Construcao; Industria de transformacao; Comercio e reparacao de veiculos,COOPERATIVA DOS PRODUTORES E AGRICULTORES DO SERTAO E REGIOES DE ALAGOAS COOPASA; VILLA TAMONA SPE LTDA; MJ CONSTRUCOES LTDA,True,Outro,False
@focoassessoria.com.br,canal,e-mail,18,2,1,16,Construcao; Hotéis; Compra e venda de imóveis próprios,SOLIDA ENGENHARIA LTDA; H2IDRO ENGENHARIA LTDA; MENDONCA EMPREENDIMENTO IMOBILIARIO SPE LTDA,True,Assessoria / despachante,True
@telesilengenharia.com.br,canal,e-mail,18,2,1,16,Construcao; Gestão e administração da propriedade imobiliária,R.B. FORTEMIX CONCRETO LTDA; ENTREMARES EMPREENDIMENTO IMOBILIARIO SPE LTDA; ALVORADA ENGENHARIA LTDA,True,Grupo empresarial,False
@conjural.com,canal,e-mail,16,0,0,16,Construcao; Consultoria em tecnologia da informação; Serviços de reservas e outros serviços de turismo não especificados anteriormente,MARANATA II SPE LTDA; MARANATA II SPE LTDA SCP; MAMC INVESTIMENTOS IMOBILIARIOS LTDA,False,Outro,False
@adcolconsultoria.com.br,canal,e-mail,18,3,3,15,Construcao; Comércio varejista de combustíveis para veículos automotores; Industria de transformacao,R L EQUIPAMENTOS DE COMBATE A INCENDIO LTDA; LAGOMAR EMPREENDIMENTO E EXPANSAO URBANA SPE LTDA; J W P DE GOUVEIA,True,Assessoria / despachante,True
@mtconsultoriacontabil.com.br,canal,e-mail,16,1,1,15,"Comércio atacadista de produtos alimentícios em geral; Comércio varejista de mercadorias em geral, com predominância de produtos alimentícios - supermercados; Construcao",BRITO E REGO BARROS LOCACOES E SERVICOS LTDA; HOP BROS CERVEJARIA LTDA; FAROL DO LITORAL CONSTRUCOES LTDA,True,Contabilidade,True
@kapitalcontabil.com,canal,e-mail,15,0,0,15,Construcao; Atividades de contabilidade; Comércio varejista de artigos do vestuário e acessórios,MIRAJ PATACHO EMPREENDIMENTO IMOBILIARIO SPE LTDA; TAMUA TATUAMUNHA EMPREENDIMENTO IMOBILIARIO SPE LTDA; EVOLVE PRO LTDA,False,Contabilidade,True
@marinhosolutions.com.br,canal,e-mail,15,0,0,15,Construcao; Industria de transformacao; Atividades de condicionamento físico,"C & T CONSTRUCOES LTDA; COMEDORIA INDUSTRIA, COMERCIO E SOLUCOES ALIMENTICIAS LTDA; METALURGICA ALTERNATIVA LTDA",False,Outro,False
@alliancecompany.com.br,canal,e-mail,15,1,1,14,"Industria de transformacao; Atividades de contabilidade; Atividades de consultoria em gestão empresarial, exceto consultoria técnica específica",TEKNOL ELETRONICA INDUSTRIAL LTDA; KOITI ODA LTDA; FORMULA EMPREENDIMENTOS LTDA,True,Outro,False
@sancoengenharia.com.br,canal,e-mail,15,1,1,14,Construcao,SANCO ENGENHARIA LTDA; SANCO ENGENHARIA - SCP VILAS DO MUNDAU; SANCO ENGENHARIA EIRELI- SCP RESID. VISTA BELA II,True,Grupo empresarial,False
@mendosampaio.com.br,canal,e-mail,14,0,0,14,"Eletricidade e gas; Aluguel de outras máquinas e equipamentos comerciais e industriais não especificados anteriormente, sem operador; Cultivo de cana-de-açúcar",SAO MIGUEL - CENTRAL GERADORA DE ENERGIA LTDA.; NEW FIELD CONSORCIO DE ENERGIA; NEW FIELD CONSORCIO DE ENERGIA 2,False,Outro,False
@rclcontabilidade.com.br,canal,e-mail,14,0,0,14,Construcao; Industria de transformacao; Outras atividades de serviços prestados principalmente às empresas não especificadas anteriormente,MC3 INCORPORACOES IMOBILIARIA LTDA.; BEZERRA EMPREENDIMENTOS IMOBILIARIOS LTDA - SCP 03; SOLO INCORPORACOES - SCP 02,False,Contabilidade,True
@rhcontabil.com.br,canal,e-mail,14,0,0,14,Industria de transformacao; Construcao; Locação de automóveis sem condutor,CORBOTI TECNOLOGIA LTDA; ASSOCIACAO DE CATADORES DE MATERIAS RECICLAVEIS E REUTILIZAVEIS DE BRANQUINHA; INFRA NORDESTE LTDA,False,Contabilidade,True
@rodrigonascimento.cnt.br,canal,e-mail,14,0,0,14,Construcao; Industria de transformacao; Atividades profissionais e tecnicas,MABI SOLUCOES AMBIENTAIS E ENGENHARIA LTDA; BIOTA INDUSTRIA DE BIOTECNOLOGIA LTDA; PREVENERGY ENGENHARIA LTDA,False,Outro,False
@contabiliza-al.com.br,canal,e-mail,15,2,2,13,"Transporte rodoviário coletivo de passageiros, com itinerário fixo, intermunicipal, exceto em região metropolitana; Atividades profissionais e tecnicas; Comércio varejista de mercadorias em geral, com predominância de produtos alimentícios - supermercados",EDJUNIOR INSTALACOES E ENGENHARIA LTDA; DARIO FERNANDES DA SILVA TELECOMUNICACOES; VK AVALIACOES LTDA,True,Contabilidade,True
@mamcontabilidade.cnt.br,canal,e-mail,13,0,0,13,"Construcao; Comércio atacadista de produtos alimentícios em geral; Comércio varejista de mercadorias em geral, com predominância de produtos alimentícios - supermercados",W. J. DA SILVA LTDA; L2 CONSTRUTORA LTDA; C M LIRA,False,Contabilidade,True
@xxx.com,canal,e-mail,13,0,0,13,"Construcao; Comércio varejista de mercadorias em geral, com predominância de produtos alimentícios - minimercados, mercearias e armazéns; Transporte rodoviário coletivo de passageiros, com itinerário fixo, intermunicipal, exceto em região metropolitana",VITORIA CONSTRUTORA E TERRAPLANAGEM LTDA; PELYKANO CONSTRUTORA E INCORPORADORA LTDA; J P A DA SILVA LTDA,False,Outro,False
@jrcontabilplus.com.br,canal,e-mail,13,1,0,12,Construcao; Serviços de arquitetura; Atividades profissionais e tecnicas,CONSTRUSAT ENGENHARIA LTDA; VASTRA CONSTRUTORA LTDA; MARAGOGI PARADISE CONSTRUCOES SPE LTDA.,True,Contabilidade,True
@superig.com.br,canal,e-mail,12,0,0,12,Construcao; Industria de transformacao; Atividades administrativas e servicos,RESIDENCIAL NOVO JARDIM SPE LTDA; EMPREENDIMENTO IMOBILIARIO INFINITY COAST SPE LTDA - EM RECUPERACAO JUDICIAL; EMPREENDIMENTO IMOBILIARIO IB GATTO SPE LTDA - EM RECUPERACAO JUDICIAL,False,Outro,False
@usinacaete.com,canal,e-mail,12,1,1,11,Compra e venda de imóveis próprios; Serviços combinados de escritório e apoio administrativo; Eletricidade e gas,COMPANHIA ENERGETICA DE SAO MIGUEL DOS CAMPOS; SHOPPING DA VILA SCP; VARRELA PECUARIA LTDA,True,Outro,False
@econis.com.br,canal,e-mail,11,0,0,11,Comércio varejista de calçados,CANION COMERCIO DE CALCADOS E MODA LTDA; ANGICO BRANCO COMERCIO DE CALCADOS LTDA; SAO MIGUEL LOJA DE CALCADOS LTDA,False,Outro,False
@esac.com.br,canal,e-mail,11,0,0,11,Construcao; Atividade médica ambulatorial com recursos para realização de exames complementares; Atividade médica ambulatorial restrita a consultas,PILAR I3 SPE LTDA; SOCIEDADE DE PROPOSITO ESPECIFICO FAZENDA FALESIAS SPE LTDA; ZAO EMPREENDIMENTOS IMOBILIARIOS LTDA,False,Outro,False
@grupoempresarialmeireles.com.br,canal,e-mail,11,0,0,11,"Serviços de diálise e nefrologia; Serviços de diagnóstico por imagem com uso de radiação ionizante, exceto tomografia; Atividades de intermediação e agenciamento de serviços e negócios em geral, exceto imobiliários",CENTRO DE RADIOLOGIA INTERVENCIONISTA LTDA; CENTRO DE DISTRIBUICAO E IMPORTACAO DE PRODUTOS MEDICOS DO NORTE E NORDESTE LTDA; GEM - EMPRESARIAL MEIRELES EMPREENDIMENTOS E PARTICIPACOES LTDA,False,Assessoria / despachante,False
@lidera.med.br,canal,e-mail,11,0,0,11,Atividades de apoio à gestão de saúde; Atividades de atendimento em pronto-socorro e unidades hospitalares para atendimento a urgências,MULTIMED SERVICOS EM SAUDE LTDA; HOSPMED SERVICOS EM  SAUDE LTDA; EMERGENCYCLINIC SERVICOS EM SAUDE LTDA,False,Outro,False
@oops.com.br,canal,e-mail,11,0,0,11,Industria de transformacao; Construcao; Criação de bovinos para leite,MARIA SALETE DOS SANTOS VIEIRA; VALTER ARAUJO DA ROCHA; G P MONTEIRO LTDA,False,Outro,False
@orcoma.com.br,canal,e-mail,11,0,0,11,Comércio varejista de combustíveis para veículos automotores; Comércio varejista de lubrificantes,AUTO POSTO MANDACARU LTDA; FORTE POSTO LTDA; POSTO H. SENA DELMIRO I LTDA,False,Outro,False
@patrimonecontabilidade.com,canal,e-mail,11,0,0,11,Industria de transformacao; Construcao; Informacao e comunicacao,PRUMO CONSTRUCOES LTDA; J A N VILELA LTDA; QUALITY IN BOX LTDA,False,Contabilidade,True
@sccontabilidadeal.com.br,canal,e-mail,11,0,0,11,Industria de transformacao; Construcao; Comércio varejista de artigos de óptica,F M L DA SILVA REFRIGERACAO E CLIMATIZACAO DE AMBIENTES; S ALOISIO G DOS SANTOS; C DOS SANTOS AUTOMACAO E MANUTENCAO,False,Contabilidade,True
@mouradubeux.com.br,canal,e-mail,18,8,7,10,Construcao,MD AL ROOFTOP CONSTRUCOES LTDA; MD AL PARQUE SHOPPING CONSTRUCOES SPE LTDA; MD AL VIA EXPRESS CONSTRUCOES SPE LTDA,True,Outro,False
@ambientispar.com.br,canal,e-mail,12,2,1,10,"Atividades de consultoria em gestão empresarial, exceto consultoria técnica específica; Agua, esgoto e residuos; Eletricidade e gas",URCD ILHA GRANDE COMERCIO SERVICOS E CONSTRUCAO S.A; AGRESTE AMBIENTAL LTDA; CGS ALAGOAS ENERGIA LTDA.,True,Outro,False
@jrca.com.br,canal,e-mail,12,2,2,10,"Comércio a varejo de automóveis, camionetas e utilitários novos; Comércio a varejo de motocicletas e motonetas novas; Locação de automóveis sem condutor",NIKAI VEICULOS S.A.; JRCA VEICULOS S.A.; AKANE VEICULOS S.A.,True,Grupo empresarial,False
@ascontec.cnt.br,canal,e-mail,10,0,0,10,"Serviços de diagnóstico por imagem sem uso de radiação ionizante, exceto ressonância magnética; Comércio varejista de mercadorias em geral, com predominância de produtos alimentícios - minimercados, mercearias e armazéns; Comércio varejista de materiais de construção em geral",CARDAN MACEIO PECAS E SERVICOS LTDA; A C D V SERVICOS MEDICOS LTDA; EHMMJ SERVICOS MEDICOS LTDA,False,Outro,False
@ciclocontadoresassociados.com.br,canal,e-mail,10,0,0,10,Informacao e comunicacao; Construcao; Comércio varejista de combustíveis para veículos automotores,SIAO GESTAO PATRIMONIAL E PARTICIPACOES LTDA.; TELECOM SPEEDNET SERVICOS LTDA; OPCAO BUSINESS LTDA,False,Contabilidade,True
@gamil.com,canal,e-mail,10,0,0,10,"Industria de transformacao; Construcao; Agua, esgoto e residuos",LEGANA NEGOCIOS IMOBILIARIOS LTDA; 17.729.375 PAULO PEDRO DA SILVA ROCHA PEREIRA; EDINALDO RUFINO DE AMORIM,False,Outro,False
@uchoaconstrucoes.com.br,canal,e-mail,12,3,3,9,Construcao; Industria extrativa,UCHOA CONSTRUCOES LTDA; EDIFICIO GENOVA SPE LTDA; RESIDENCIAL PEDRO TEIXEIRA DUARTE I - SCP 01,True,Outro,False
@nogueiracontabil.net,canal,e-mail,11,2,2,9,Industria de transformacao; Construcao; Aluguel de imóveis próprios,KIFRIOS COMERCIO E INDUSTRIA DE FRIOS LTDA; BIOTECH CONTROLE BIOLOGICO LTDA; TELEENERGIA SERVICOS E MANUTENCAO ELETRICA LTDA,True,Contabilidade,True
@almaycontadores.com.br,canal,e-mail,10,1,1,9,Industria de transformacao; Atividades de contabilidade; Comércio varejista de artigos do vestuário e acessórios,ENOR - ESTALEIRO NORDESTE S.A.; CONSTRUTORA TOLEDO CABRAL LTDA; ALQUIMICA - ALAGOAS QUIMICA LTDA,True,Contabilidade,True
@atributcontabilidade.com,canal,e-mail,9,0,0,9,"Construcao; Comércio varejista de mercadorias em geral, com predominância de produtos alimentícios - supermercados; Comércio atacadista de equipamentos elétricos de uso pessoal e doméstico",BRISAS DA NATUREZA EMPREENDIMENTO IMOBILIARIO - SPE LTDA; OLIVEIRA EMPREENDIMENTOS SPE LTDA; G. S. DE LIMA,False,Contabilidade,True
@consilium.cnt.br,canal,e-mail,9,0,0,9,Atividade médica ambulatorial com recursos para realização de procedimentos cirúrgicos; Atividade médica ambulatorial com recursos para realização de exames complementares,MEDICINA INTEGRADA SERVICOS MEDICOS LTDA; NOVA MEDICINA LTDA; BHC SERVICOS MEDICOS LTDA,False,Outro,False
@grupoplanning.com.br,canal,e-mail,9,0,0,9,Industria de transformacao; Comércio varejista de outros produtos não especificados anteriormente; Comércio atacadista de tecidos,MANUELA LIMA BARBOSA LTDA; MELO & MELO COMERCIO LTDA; CEPAR COMERCIO E DISTRIBUICAO DE TECIDOS E CONFECCOES LTDA,False,Outro,False
@ibest.com.br,canal,e-mail,9,0,0,9,"Construcao; Industria de transformacao; Locação de outros meios de transporte não especificados anteriormente, sem condutor",LINEA EMPREENDIMENTOS LTDA; POLY BOX LTDA; J. DILSON SANTOS DIAS,False,Outro,False
@marcelloquirino.com.br,canal,e-mail,9,0,0,9,"Construcao; Atividades de contabilidade; Corretores e agentes de seguros, de planos de previdência complementar e de saúde",JB CONSTRUCOES - MINHA CASA MINHA VIDA SCP; MASTER ENGENHARIA E PROJETOS LTDA; RJ767 INVESTIMENTOS E PARTICIPACOES LTDA,False,Outro,False
@mercurycontabil.com.br,canal,e-mail,9,0,0,9,Construcao; Comercio e reparacao de veiculos; Atividades profissionais e tecnicas,CASSEMIRO EMPREENDIMENTOS & ASSESSORIA EMPRESARIAL LTDA; CENTER FRIO SERVICOS E COMERCIO LTDA; B S RIBEIRO LTDA,False,Contabilidade,True
@oticadinizmaceio.com.br,canal,e-mail,9,0,0,9,Comércio varejista de artigos de óptica; Industria de transformacao; Serviços combinados de escritório e apoio administrativo,MCZ LABORATORIO OPTICAL LTDA; K S COMERCIO DE ARTIGOS DE OPTICA LTDA; K & D ADMINISTRACAO E GESTAO DE EMPRESAS LTDA,False,Grupo empresarial,False
@zestinc.com.br,canal,e-mail,9,0,0,9,Construcao,ZEST INCORPORADORA E PARTICIPACOES LTDA; TULUM EMPREENDIMENTOS IMOBILIARIOS SPE LTDA; LAVENIR EMPREENDIMENTO IMOBILIARIO SPE LTDA,False,Outro,False
@pracontabil.com.br,canal,e-mail,9,1,0,8,Construcao; Industria de transformacao; Comércio por atacado de pneumáticos e câmaras-de-ar,UNIPLAST ALAGOAS LTDA; AVANTE ENGENHARIA LTDA; EDNA RITA DO CARMO TAVARES,True,Contabilidade,True
@redealagoas.com.br,canal,e-mail,9,1,1,8,"Comércio a varejo de automóveis, camionetas e utilitários novos; Comércio varejista de combustíveis para veículos automotores; Hotéis",ROSA MOTORS LTDA; POSTO ATLANTIC CONFIANCA LTDA; MAVEL VEICULOS LTDA,True,Outro,False
@analisegroup.cnt.br,canal,e-mail,8,0,0,8,"Industria de transformacao; Comércio varejista de mercadorias em geral, com predominância de produtos alimentícios - minimercados, mercearias e armazéns; Comércio atacadista de produtos alimentícios em geral",INDUSTRIA DE MOVEIS SANDES LTDA; WILDSON XAVIER DA SILVA LTDA; D S LINS VAREJISTA,False,Outro,False
@conthabil-al.com.br,canal,e-mail,8,0,0,8,Atividades de contabilidade; Gestão e administração da propriedade imobiliária; Atividades de psicologia e psicanálise,CONTHABIL SERVICOS DE CONTABILIDADE S/S; ABL ADMINISTRADORA DE BENS LTDA.; CONAPSI - CONSULTORIA E ATENDIMENTO PSICOLOGICO S/S,False,Outro,False
@dentistamais.com,canal,e-mail,8,0,0,8,Atividade odontológica,COMPANHIA DE DENTISTAS S/S LTDA; SOCIEDADE DOS DENTISTAS ARAPIRACA LTDA; COMPANHIA DE DENTISTA DE MACEIO LTDA,False,Outro,False
@enengi.com.br,canal,e-mail,8,0,0,8,Construcao,ENENGI - EMPRESA NACIONAL DE ENGENHARIA E CONSTRUCOES LTDA. SCP 04; ENENGI - EMPRESA NACIONAL DE ENGENHARIA E CONSTRUCOES LTDA. SCP 03; ENENGI - EMPRESA NACIONAL DE ENGENHARIA E CONSTRUCOES LTDA. SCP 05,False,Grupo empresarial,False
@rfcontabilidade.com.br,canal,e-mail,8,0,0,8,Construcao; Eletricidade e gas; Atividades de contabilidade,PIRANHAS 01 SPE EMPREENDIMENTO IMOBILIARIO LTDA; BARCELOS INCORPORACAO E INVESTIMENTOS SPE LTDA; SAO MIGUEL LOTEADORA SPE LTDA,False,Contabilidade,True
@rodoap.com.br,canal,e-mail,8,0,0,8,"Industria de transformacao; Cultivo de cana-de-açúcar; Comércio atacadista de máquinas, equipamentos para terraplenagem, mineração e construção; partes e peças",SMC LTDA; S R M COSTA; RODOAL IMPLEMENTOS RODOVIARIOS LTDA,False,Outro,False
@veloxmail.com.br,canal,e-mail,10,3,3,7,Industria de transformacao; Comércio atacadista de medicamentos e drogas de uso humano; Comércio a varejo de peças e acessórios novos para veículos automotores,FUSOPAR PARAFUSOS LTDA; INDUSTRIA DE BEBIDAS PIACAVA GUASSU LTDA.; FRANCA PECAS E SERVICOS LTDA,True,Outro,False
@analisecontabil.cnt.br,canal,e-mail,9,2,2,7,Industria de transformacao; Comércio atacadista de ferragens e ferramentas; Serviços combinados de escritório e apoio administrativo,AB INDUSTRIA METALURGICA E COMERCIO LTDA; INDUSTRIA ALAGOANA DE PORTAS LTDA; NEUZETE DOMINGOS SILVA PINHEIRO LTDA,True,Contabilidade,True
@consultoria-fcb.com,canal,e-mail,8,1,0,7,"Industria de transformacao; Comércio varejista de produtos farmacêuticos, sem manipulação de fórmulas; Padaria e confeitaria com predominância de revenda",INDUSTRIAL ALIMENTOS TALISMA LTDA; ITELAS INDUSTRIA E COMERCIO DE ARTEFATOS DE METAL LTDA; PANIFICADORA ARAPIRACA LTDA,True,Assessoria / despachante,True
@airancontabil.com.br,canal,e-mail,7,0,0,7,Construcao; Corretagem na compra e venda e avaliação de imóveis; Laboratórios clínicos,NOVO JARDIM EMPREENDIMENTOS LTDA; H5 ENGENHARIA LTDA; FACILIT EDIFICACOES LTDA,False,Contabilidade,True
@carneiroenascimento.com,canal,e-mail,7,0,0,7,Construcao,KENAI EMPREENDIMENTO PRAIA DO FRANCES SPE LTDA; SCP ANGATU EMPREENDIMENTO IMOBILIARIO; MACRO 04 EMPREENDIMENTO IMOBILIARIO SPE LTDA.,False,Outro,False
@cercont.com,canal,e-mail,7,0,0,7,Construcao; Atividade médica ambulatorial restrita a consultas; Atividades profissionais e tecnicas,MACEIO PARQUE EMPREENDIMENTOS IMOBILIARIOS LTDA; SOCIEDADE EM CONTA DE PARTICIPACAO SPAZIO ITALIA EMPREENDIMENTOS - SCP; AMARAL FRANCO ENGENHARIA LTDA,False,Contabilidade,True
@consultebueno.com,canal,e-mail,7,0,0,7,"Atividades profissionais e tecnicas; Comércio varejista de mercadorias em lojas de conveniência; Cabeleireiros, manicure e pedicure",MOREIRA CAMPOS ENGENHARIA LTDA; MARIA LUIZA FERNANDES LIMA PEREZ SERVICOS DE ENGENHARIA LTDA; TKB CONVENIENCIAS DO BRASIL LTDA,False,Assessoria / despachante,False
@eficazcontabilidade.net,canal,e-mail,7,0,0,7,Construcao; Industria de transformacao; Eletricidade e gas,CONSORCIO PORTO LRM; CANIONS ENERGIA LTDA; D W P DA LUZ,False,Contabilidade,True
@email.com,canal,e-mail,7,0,0,7,Industria de transformacao; Atividades profissionais e tecnicas; Ensino fundamental,L3 INDUSTRIA E COMERCIO LTDA; H V DA SILVA LTDA; ESCOLA DE EDUCACAO BASICA FUTURO LTDA,False,Outro,False
@h4contabilidade.com.br,canal,e-mail,7,0,0,7,Construcao; Atividades profissionais e tecnicas; Comercio e reparacao de veiculos,MAG CONSTRUCAO E INCORPORACAO LTDA; MODULA INCORPORACOES IMOBILIARIAS LTDA; W.T SERVICO LTDA,False,Contabilidade,True
@kl3contabilidade.com.br,canal,e-mail,7,0,0,7,Construcao; Compra e venda de imóveis próprios; Comércio varejista de bicicletas e triciclos; peças e acessórios,"ESTRATEGIA CONSTRUCOES E SERVICOS LTDA; M B LEAO CONSTRUCAO E INCORPORACAO, INSTALACAO ELETRICA E HIDROSANITARIA LTDA; VIVER BEM PROJETO 06 EMPREENDIMENTO IMOBILIARIO LTDA",False,Contabilidade,True
@lepostichemaceio.com.br,canal,e-mail,7,0,0,7,"Comércio varejista de artigos de viagem; Atividades de consultoria em gestão empresarial, exceto consultoria técnica específica",CENTRAL MACEIO CONSULTORIA EMPRESARIAL LTDA; M. SALGUEIRO DA SILVA; COMERCIAL CENTER COUROS LTDA,False,Outro,False
@mfvilela.com.br,canal,e-mail,7,0,0,7,Compra e venda de imóveis próprios; Gestão e administração da propriedade imobiliária,MARK UP INVESTIMENTOS LTDA; SALSA EMPREENDIMENTO IMOBILIARIO SPE LTDA.; START EMPREENDIMENTO IMOBILIARIO SPE LTDA.,False,Outro,False
@multiplan.com.br,canal,e-mail,7,0,0,7,Gestão e administração da propriedade imobiliária; Estacionamento de veículos; Aluguel de imóveis próprios,CAA - ADMINISTRACAO E PROMOCOES LTDA.; MULTIPLAN ADMINISTRADORA DE ESTACIONAMENTO LTDA; MULTIPLAN EMPREENDIMENTOS IMOBILIARIOS S/A,False,Grupo empresarial,False
@pcontabilidade.com.br,canal,e-mail,7,0,0,7,Construcao; Atividades auxiliares da justiça; Aluguel de imóveis próprios,TAIPA INCORPORACOES BOSSA SPE LTDA; TAIPA INCORPORACOES BOSSA SPE LTDA SCP; SELCAT CONSTRUCOES LTDA,False,Contabilidade,True
@tropicalishotel.com.br,canal,e-mail,7,0,0,7,Hotéis; Gestão e administração da propriedade imobiliária; Restaurantes e similares,"LG INVESTIMENTOS, ADMINISTRACAO E SERVICOS LTDA; TERRA INVESTIMENTOS LTDA; A 3 CAPITAL EMPREENDIMENTO HOTELEIRO LTDA",False,Outro,False
@uchoaempreendimentos.com.br,canal,e-mail,7,0,0,7,Construcao,UCHOA SPE 08 LTDA; UCHOA SPE 09 LTDA; FLOW AMELIA ROSA SPE LTDA,False,Grupo empresarial,False
@harcos.com.br,canal,e-mail,11,5,5,6,Construcao; Outras atividades de prestação de serviços de informação não especificadas anteriormente; Promoção de vendas,PORTAL DAS ROCAS EMPREENDIENTOS SPE LTDA; RANCHO ALIANCA EMPREENDIMENTOS IMOBILIARIOS SPE LTDA; H M V EMPREENDIMENTOS SPE LTDA,True,Outro,False
@amarantehoteis.com.br,canal,e-mail,9,3,3,6,Hotéis; Comércio varejista de combustíveis para veículos automotores; Comércio varejista de artigos do vestuário e acessórios,AIR INVESTIMENTS CORPORATION BRASIL LTDA; SOL SALINAS HOTELARIA E SERVICOS LTDA.; HOTEIS SALINAS S/A,True,Outro,False
@astecaweb.com.br,canal,e-mail,7,1,1,6,Industria de transformacao; Comercio e reparacao de veiculos; Comércio varejista de móveis,BBA - TEXTIL BRASIL LTDA; IMPERIO CAR LTDA; PAULA MOVEIS LTDA,True,Outro,False
@lucrosolucoes.com.br,canal,e-mail,7,1,1,6,"Industria de transformacao; Construcao; Lanchonetes, casas de chá, de sucos e similares",SO UNIFORME E PIJAMAS LTDA; PANIFICACAO E CONVENIENCIA PAO SAGRADO LTDA; R DE C TORRES SAMPAIO COSTA,True,Outro,False
@rapidoinfoshop.com.br,canal,e-mail,7,1,1,6,Representantes comerciais e agentes do comércio de mercadorias em geral não especializado; Industria de transformacao; Comércio atacadista de componentes eletrônicos e equipamentos de telefonia e comunicação,BREJO DOS BOIS IND. LTDA; RAPIDO INFOSHOP LTDA; RAPIDO LTDA,True,Grupo empresarial,False
@almirferragens.com,canal,e-mail,6,0,0,6,Comércio varejista de materiais de construção em geral; Construcao; Industria de transformacao,MKA EMPREENDIMENTOS IMOBILIARIOS LTDA; INDUSTRIA DE PRE MOLDADOS LTDA; ALMIR R DA SILVA LTDA,False,Outro,False
@bitcont.tech,canal,e-mail,6,0,0,6,Construcao; Comércio varejista de materiais de construção em geral; Comércio a varejo de peças e acessórios novos para veículos automotores,JD CONTRUCOES LTDA; CX7 SERVICOS E SOLUCOES LTDA; JOAO DE DEUS DOS SANTOS CONSTRUCOES LTDA,False,Contabilidade,True
@cpalcina.com,canal,e-mail,6,0,0,6,"Comércio varejista de cosméticos, produtos de perfumaria e de higiene pessoal; Comércio a varejo de motocicletas e motonetas novas; Comércio atacadista de cosméticos e produtos de perfumaria",ALAN MARTINS TAVARES & CIA. LTDA; LUIZ HENRIQUE M TAVARES  LTDA; SUZANA MARTINS TAVARES TIGRE  LTDA,False,Outro,False
@crpaaa.com,canal,e-mail,6,0,0,6,Industria de transformacao; Comércio atacadista de açúcar; Outras atividades de serviços financeiros não especificadas anteriormente,USINA CANSANCAO DE SINIMBU SA - EM RECUPERACAO JUDICIAL; MECANICA PESADA CONTINENTAL S A - EM RECUPERACAO JUDICIAL; COPERTRADING COMERCIO EXPORTACAO E IMPORTACAO SA - EM RECUPERACAO JUDICIAL,False,Outro,False
@elocontabilidadeal.com,canal,e-mail,6,0,0,6,"Industria de transformacao; Comércio varejista de produtos alimentícios em geral ou especializado em produtos alimentícios não especificados anteriormente; Comércio varejista de mercadorias em geral, com predominância de produtos alimentícios - minimercados, mercearias e armazéns",V A MACHADO CONFECCOES; COMERCIAL ALMEIDA E SILVA LTDA; JOSE PEREIRA NETO,False,Contabilidade,True
@gestaostratus.com,canal,e-mail,6,0,0,6,Comércio varejista de combustíveis para veículos automotores; Comércio atacadista de outros equipamentos e artigos de uso pessoal e doméstico não especificados anteriormente,PLT RECICLAGEM LTDA; RL COMERCIO DE COMBUSTIVEIS LTDA; AUTO POSTO CARANGO LTDA,False,Assessoria / despachante,False
@grupoluizjatoba.com.br,canal,e-mail,6,0,0,6,"Comércio a varejo de automóveis, camionetas e utilitários novos; Comércio varejista de combustíveis para veículos automotores; Locação de automóveis sem condutor","DIESEL DISTRIBUIDORA E SERVICOS LTDA; PRISMEL VEICULOS, PECAS E SERVICOS LTDA; PALMAS VEICULOS, PECAS E SERVICOS LTDA.",False,Outro,False
@progressuscontabilidade.com.br,canal,e-mail,6,0,0,6,"Construcao; Industria de transformacao; Atividades de intermediação e agenciamento de serviços e negócios em geral, exceto imobiliários",ANDINHO PINTURAS LTDA; FIDELIS ENGENHARIA E CONSULTORIA LTDA; MARCENARIA ALFA LTDA,False,Contabilidade,True
@sereducacional.com,canal,e-mail,6,0,0,6,Educação superior - graduação e pós-graduação; Educação profissional de nível técnico; Atividades de fisioterapia,SER EDUCACIONAL S.A.; CENTRO DE EDUCACAO PROFISSIONAL BJ LTDA; SERMED - MEDICINA HUMANA & VETERINARIA LTDA,False,Outro,False
@taticacontabil.com.br,canal,e-mail,6,0,0,6,"Atividades profissionais e tecnicas; Industria de transformacao; Atividades de consultoria em gestão empresarial, exceto consultoria técnica específica",QUINTINO E FIGUEIRA CONSULTORIA E SERVICOS DE ENGENHARIA LTDA; BANDOLI E COX COMERCIO DE ARTIGOS DO VESTUARIO LTDA; GENESIS ADMINISTRADORA DE IMOVEIS LTDA,False,Contabilidade,True
@audicon.com.br,canal,e-mail,8,3,3,5,Industria de transformacao; Construcao; Comércio varejista de combustíveis para veículos automotores,"INAP - INDUSTRIA ALIMENTICIA POPULAR LTDA; INDUSTRIA ALIMENTICIA BETTI LTDA; INDUMASTER - MAQUINAS, EQUIPAMENTOS E MANUTENCAO LTDA",True,Outro,False
@j3incorporacao.com.br,canal,e-mail,7,2,2,5,Construcao; Loteamento de imóveis próprios,"J3 INCORPORACAO, ENGENHARIA E CONSTRUCAO LTDA; RIVIERA EMPREENDIMENTOS IMOBILIARIOS SPE LTDA; RESIDENCIAL ARTHUR RAMOSS SPE LTDA",True,Outro,False
@podiumengenharia.com,canal,e-mail,7,2,2,5,Construcao; Gestão e administração da propriedade imobiliária,PROJETO IMOBILIARIO ISLA SPE LTDA; PODIUM ENGENHARIA LTDA SCP 01; PODIUM ENGENHARIA LTDA SCP 02,True,Grupo empresarial,False
@cccpcontabilidade.com.br,canal,e-mail,6,1,1,5,Industria de transformacao; Comercio e reparacao de veiculos; Comércio varejista de combustíveis para veículos automotores,P. V. DE FARIAS BRITO; G DE ALMEIDA OLIVEIRA; M. DE LOURDES MARQUES DA SILVA,True,Contabilidade,True
@cimapra.com.br,canal,e-mail,6,1,1,5,Eletricidade e gas; Construcao; Cultivo de cana-de-açúcar,VALE DO PRATA ENERGIA LTDA; CONSORCIO ENERGIA ALAGOANA; LSC CONSTRUTORA LTDA,True,Outro,False
@citecon.com.br,canal,e-mail,6,1,1,5,Construcao,CITECON OCEANA EMPREENDIMENTO SPE LTDA; CITECON MAKANA MILAGRES SPE LTDA; CITECON YNTIMA EMPREENDIMENTO SPE LTDA,True,Grupo empresarial,False
@geodeep.com.br,canal,e-mail,6,1,1,5,"Aluguel de outras máquinas e equipamentos comerciais e industriais não especificados anteriormente, sem operador; Atividades profissionais e tecnicas",GEODEEP SERVICOS DE GEOLOGIA E GEOFISICA LTDA; SPE COMPLEXO UFV 01 LTDA; SPE COMPLEXO UFV 02 LTDA,True,Outro,False
@grupocoagro.com,canal,e-mail,6,1,0,5,"Industria de transformacao; Comércio atacadista de defensivos agrícolas, adubos, fertilizantes e corretivos do solo; Serviços combinados de escritório e apoio administrativo",DANTAS & BARRETO LTDA; R B DANTAS LTDA; RB EMPREENDIMENTOS TURISTICOS LTDA,True,Outro,False
@lagesomena.com.br,canal,e-mail,6,1,1,5,Construcao; Compra e venda de imóveis próprios; Cultivo de cana-de-açúcar,COUTINHO SMART INCORPORACOES LTDA; RESIDENCIAL MAISON LILY LAGES SPE LTDA; RESIDENCIAL MAISON LILY LAGES SCP 01,True,Outro,False
@lessaemouracontabilidade.com.br,canal,e-mail,6,1,1,5,Atividades de contabilidade; Serviços de diagnóstico por métodos ópticos - endoscopia e outros exames análogos; Desenvolvimento de programas de computador sob encomenda,"LESSA & MOURA CONTABILIDADE E CONSULTORIA EMPRESARIAL S/S; DIAS, GAMA E TORRES SERVICOS MEDICOS LTDA.; MAURICIO TORRES SANTOS",True,Contabilidade,True
@almeidasolucoescontabeis.com,canal,e-mail,5,0,0,5,Industria de transformacao; Atividades profissionais e tecnicas; Comercio e reparacao de veiculos,CAUNA ECOINDUSTRIA LTDA; Y C G SILVA LTDA; 49.858.518 EDJILSON ANTONIO DOS SANTOS,False,Contabilidade,True
@amorsaude.com,canal,e-mail,5,0,0,5,Serviços combinados de escritório e apoio administrativo; Atividade médica ambulatorial com recursos para realização de exames complementares,AMOR SAUDE ARAPIRACA LTDA; CLINICA MEDICA E ODONTOLOGICA LTDA; CLINICA MEDICA E ODONTOLOGICA NORTE LTDA,False,Grupo empresarial,False
@bandeirassessoria.com.br,canal,e-mail,5,0,0,5,"Industria de transformacao; Transporte rodoviário de carga, exceto produtos perigosos e mudanças, intermunicipal, interestadual e internacional; Comércio varejista de artigos médicos e ortopédicos",PONTA DO SOL - INDUSTRIA E COMERCIO DE MATERIAIS DE CONSTRUCAO LTDA; GRAFICA PAIXAO LTDA; COMERCIO DE PECAS E TRANSPORTES LTDA,False,Assessoria / despachante,True
@bcontroller.com.br,canal,e-mail,5,0,0,5,Construcao; Industria de transformacao,R. A FIREMAN CONSTRUTORA E INCORPORADORA LTDA; MF BRETAS; CONSTRUTORA PEDROSA LTDA,False,Outro,False
@blucapital.com.br,canal,e-mail,5,0,0,5,Construcao; Compra e venda de imóveis próprios; Agentes de investimentos em aplicações financeiras,BK EMPREENDIMENTOS LTDA; PRIME EMPREENDIMENTO IMOBILIARIO E TURISTICO SPE LTDA; JM CAPITAL E INVESTIMENTOS AI LTDA,False,Grupo empresarial,False
@buritiempreendimentos.com.br,canal,e-mail,5,0,0,5,Compra e venda de imóveis próprios; Construcao,RESIDENCIAL JARDIM AMERICA PENEDO LTDA.; BURITI NORDESTE EMPREENDIMENTOS IMOBILIARIOS LTDA; JARDIM COMENDADOR ANTONIO COUTINHO III SPE LTDA,False,Outro,False
@carlinhosmaiaproducoes.com.br,canal,e-mail,5,0,0,5,Promoção de vendas; Marketing direto; Agências de publicidade,L C FERREIRA DOS SANTOS PRODUCOES LTDA; MAIA PRODUCOES LTDA; LC FERREIRA PRODUCOES LTDA.,False,Grupo empresarial,False
@contabilizeweb.com,canal,e-mail,5,0,0,5,Construcao; Atividades profissionais e tecnicas; Comércio varejista de produtos alimentícios em geral ou especializado em produtos alimentícios não especificados anteriormente,SL CONSTRUCOES E LOCACOES LTDA; T & P ENGENHARIA LTDA; JOSE CLAUDIVAL DOS SANTOS,False,Contabilidade,True
@contamedica.com.br,canal,e-mail,5,0,0,5,Atividade médica ambulatorial restrita a consultas,PAULO CEZAR DE ALMEIDA SERVICOS MEDICOS LTDA; DIOGO RIBEIRO SERVICOS MEDICOS LTDA; AMANDA BARBOSA SERVICOS MEDICOS LTDA,False,Outro,False
@diferencialcontabil.net,canal,e-mail,5,0,0,5,Construcao; Comercio e reparacao de veiculos; Industria de transformacao,CALHEIROS CONSTRUCOES LTDA; ADRIANA BASTOS DE LIMA GOMES; 54.236.703 EMERSON COSTA BARBOSA,False,Contabilidade,True
@flulook.com.br,canal,e-mail,5,0,0,5,Comércio varejista de artigos de óptica,VIP - COM DE PRODUTOS OTICOS LTDA; CENTRO VISUAL LTDA; VISAO COMERCIO DE PRODUTOS OTICOS LTDA,False,Outro,False
@gmai.com,canal,e-mail,5,0,0,5,Industria de transformacao; Construcao; Comércio varejista de material elétrico,32.979.755 TIAGO DOS SANTOS DIAS; J DA SILVA NOGUEIRA LTDA; Akieletrica comercio e servicos. LTDA,False,Outro,False
@gmil.com,canal,e-mail,5,0,0,5,"Construcao; Atividades profissionais e tecnicas; Comércio varejista especializado de peças e acessórios para aparelhos eletroeletrônicos para uso doméstico, exceto informática e comunicação",BOM SUCESSO INCORPORACOES LTDA; JOSE GALILEU DE LACERDA CARDOSO 07526621474; J M L DA SILVA ELETRICA E REFRIGERACAO,False,Outro,False
@grupojcf.com.br,canal,e-mail,5,0,0,5,"Comércio a varejo de automóveis, camionetas e utilitários novos; Construcao; Locação de automóveis sem condutor",MANDACARU INCORPORADORA LTDA; NOVA COMERCIO DE VEICULOS AUTOMOTORES LTDA; LA BELLE MOTORS LTDA,False,Outro,False
@halbreich.com.br,canal,e-mail,5,0,0,5,"Compra e venda de imóveis próprios; Portais, provedores de conteúdo e outros serviços de informação na internet; Hotéis",TC CULTURAL PRODUCOES LTDA.; HP1 HOTELARIA LTDA; CMM EMPREENDIMENTOS IMOBILIARIOS LTDA,False,Outro,False
@itelx.com.br,canal,e-mail,5,0,0,5,Informacao e comunicacao; Construcao; Locação de automóveis sem condutor,ITELX S/A; ITELX ENGENHARIA LTDA; ITELX EMPRESAS LTDA,False,Grupo empresarial,False
@lancercontadores.com.br,canal,e-mail,5,0,0,5,Industria de transformacao; Construcao; Comércio atacadista de Máquinas e equipamentos para uso industrial; partes e peças,PANIFICACAO GRAO ALAGOAS LTDA; FAY EMPREENDIMENTOS E PARTICIPACOES LTDA; ALAGOAS TELAS LTDA,False,Contabilidade,True
@mail.com,canal,e-mail,5,0,0,5,Industria de transformacao; Atividades profissionais e tecnicas; Atividade médica ambulatorial com recursos para realização de exames complementares,"SM MOVEIS PLANEJADOS LTDA; VERTICE ENGENHARIA, PROJETOS E CONSULTORIA LTDA; UNITRAUMA LTDA",False,Outro,False
@marcioraposo.com.br,canal,e-mail,5,0,0,5,Corretagem na compra e venda e avaliação de imóveis; Corretagem no aluguel de imóveis,MRI CORRETORA DE IMOVEIS LTDA; H R MARGEM ADMINISTRADORA E LOCADORA DE IMOVEIS LTDA; M.R.F. ADMINISTRADORA E LOCADORA DE IMOVEIS LTDA,False,Grupo empresarial,False
@masterop.com.br,canal,e-mail,5,0,0,5,Agências de viagens; Comércio atacadista de água mineral; Desenvolvimento e licenciamento de programas de computador customizáveis,MASTEROP OPERADORA TURISTICA LTDA; MASTEROP OPERADORA DE TURISMO E VIAGENS LTDA.; DISVILLA DISTRIBUIDORA DE BEBIDAS LTDA,False,Grupo empresarial,False
@nordestecontabilidade.com.br,canal,e-mail,5,0,0,5,Comércio atacadista especializado em outros produtos intermediários não especificados anteriormente; Atividades administrativas e servicos; Atividades profissionais e tecnicas,LUCIANO VIANA BINAS; S PIMENTEL SERVICOS DE ENGENHARIA LTDA; SEKEL BRASIL TRADING LTDA,False,Contabilidade,True
@origoenergia.com.br,canal,e-mail,5,0,0,5,"Aluguel de outras máquinas e equipamentos comerciais e industriais não especificados anteriormente, sem operador",JACARE DOS HOMENS AL 1740 LOCACAO DE EQUIPAMENTOS LTDA; PAO DE ACUCAR 892 LOCACAO DE EQUIPAMENTOS LTDA; DELMIRO GOUVEIA 1534 LOCACAO DE EQUIPAMENTOS LTDA,False,Outro,False
@pelemaceio.com.br,canal,e-mail,5,0,0,5,Atividade médica ambulatorial restrita a consultas; Atividade médica ambulatorial com recursos para realização de procedimentos cirúrgicos,PELE DERMATOLOGIA 1 LTDA; PELE FACE MACEIO LTDA; A. CARDOSO DERMATOLOGIA LTDA,False,Grupo empresarial,False
@redeaccioly.com.br,canal,e-mail,5,0,0,5,"Comércio a varejo de automóveis, camionetas e utilitários novos; Industria de transformacao; Construcao",VERAO FRIOS LTDA; CYCOSA AUTOMOVEIS LTDA; CYCOSA MOTORS LTDA,False,Outro,False
@vcmail.com.br,canal,e-mail,5,0,0,5,Comércio varejista de combustíveis para veículos automotores; Aluguel de imóveis próprios; Comércio varejista de mercadorias em lojas de conveniência,VINICIUS CANSANCAO & CIA LTDA; EQUIPE AGRO PECUARIA LIMITADA; CONVENIENCIA CARANGO EXPRESS LTDA,False,Outro,False
@vectorfidc.com.br,canal,e-mail,5,0,0,5,"Tratamento de dados, provedores de serviços de aplicação e serviços de hospedagem na internet; Atividades de cobranças e informações cadastrais; Serviços de arquitetura",VECTOR CONSULTORIA E ASSESSORIA EMPRESARIAL LTDA; CICLO COBRANCAS EXTRAJUDICIAIS LTDA; MAV CONSULTORIA LTDA,False,Grupo empresarial,False
@fpconstrutora-al.com.br,canal,e-mail,9,5,5,4,Construcao,F . P . CONSTRUTORA LTDA; CONSORCIO ARAPIRACA-DELMIRO GOUVEIA LOTE 2; CONSORCIO VALE DO PARAIBA LOTE 02 - FP-CLC-CONSERVA,True,Outro,False
@grupoparque.com.br,canal,e-mail,8,4,4,4,"Gestão e manutenção de cemitérios; Atividades de consultoria em gestão empresarial, exceto consultoria técnica específica; Comércio varejista de plantas e flores naturais","MELRO, SAMPAIO & CIA LTDA; PREVIPARQ LTDA; MEMORIAL PARQUE DE MACEIO LTDA",True,Outro,False
@construtorarecord.com.br,canal,e-mail,7,3,2,4,Construcao,PROJETO IMOBILIARIO RECORD 27 SPE LTDA; RECORD PARTICIPACOES LTDA; PROJETO IMOBILIARIO RECORD 26 SPE LTDA,True,Outro,False
@dantascontabil.com.br,canal,e-mail,6,2,2,4,Industria de transformacao; Construcao; Comércio varejista de carnes - açougues,MCZ CONSTRUCOES E INCORPORACOES LTDA; ANA C DE O BARROS; HELENA DOS SANTOS SILVA PANIFICACAO,True,Contabilidade,True
@argamassasanttafe.com.br,canal,e-mail,5,1,0,4,Comércio varejista de materiais de construção não especificados anteriormente; Industria de transformacao,F DE A S BARBOSA LTDA; BARBOSA COMERCIO E SERVICOS LTDA; SARMENTO COMERCIO E SERVICOS LTDA,True,Outro,False
@assertivasc.com.br,canal,e-mail,5,1,1,4,Construcao; Industria de transformacao; Atividades profissionais e tecnicas,QUINAS ARQUITETURA E ENGENHARIA LTDA; NATALIA C C MALTA LTDA; TENORIO & CIA LTDA,True,Outro,False
@azcontal.com.br,canal,e-mail,5,1,1,4,"Construcao; Agenciamento de espaços para publicidade, exceto em veículos de comunicação; Atividade odontológica",BELLA VIDA CONSTRUCOES E INCORPORACOES LTDA; DIOGO DE ABREU LEAO; ERIKA FERNANDES DE SIQUEIRA LTDA,True,Outro,False
@contab-ai.com.br,canal,e-mail,5,1,1,4,Industria de transformacao; Comercio e reparacao de veiculos; Comércio a varejo de peças e acessórios novos para veículos automotores,EL ELYON LTDA; DUARTE E VILA VERDE LTDA; EL ELYON INDUSTRIA DE PERSIANAS E DE CORTINAS LTDA,True,Contabilidade,True
@farmaciapermanente.com.br,canal,e-mail,5,1,1,4,"Comércio varejista de produtos farmacêuticos, sem manipulação de fórmulas; Agências de publicidade; Transporte rodoviário de carga, exceto produtos perigosos e mudanças, intermunicipal, interestadual e internacional",COMERCIAL DRUGSTORE LTDA; DROGATIM DROGARIAS LTDA; P&R COMUNICACAO E MARKETING LTDA,True,Outro,False
@fmt.com.br,canal,e-mail,5,1,1,4,Industria de transformacao; Construcao; Outras atividades auxiliares dos serviços financeiros não especificadas anteriormente,J M DELGADO JUNIOR; J F DA SILVA -LATICINIO; A C G CONSTRUCOES E SERVICOS LTDA,True,Outro,False
@gps.ind.br,canal,e-mail,5,1,1,4,Construcao; Atividades profissionais e tecnicas; Administração de consórcios para aquisição de bens e direitos,CONSORCIO GPS/ELECTRA - PIAUI SUL; GPS BARRA DE SAO MIGUEL SPE LTDA - EM RECUPERACAO JUDICIAL; GPS EMPREENDIMENTOS LTDA - EM RECUPERACAO JUDICIAL,True,Grupo empresarial,False
@homail.com,canal,e-mail,5,1,1,4,Industria de transformacao; Atividades profissionais e tecnicas; Comércio varejista de artigos de iluminação,GRAFPEL IND GRAFICA LTDA; CEDRO ENGENHARIA LTDA; LUZ DESIGN LTDA,True,Outro,False
@maceiomarhotel.com.br,canal,e-mail,5,1,1,4,Serviços combinados de escritório e apoio administrativo; Hotéis; Restaurantes e similares,MME RESTAURANTE E EVENTOS LTDA; M2 SOLUCOES LTDA; MME SOLUCOES LTDA,True,Outro,False
@ofm.com.br,canal,e-mail,5,1,1,4,"Suporte técnico, manutenção e outros serviços em tecnologia da informação; Industria de transformacao; Gestão e administração da propriedade imobiliária",EASA EMPRESA AGRO PECUARIA LTDA; FAN - FACULDADE DE ADMINISTRACAO E NEGOCIOS LTDA; OFM SYSTEMS LTDA,True,Outro,False
@pereseamorim.cnt.br,canal,e-mail,5,1,1,4,Construcao; Industria de transformacao; Transporte rodoviário de produtos perigosos,TUDORS ENGENHARIA E CONSULTORIA LTDA; BRAZMARMORE INDUSTRIA E COMERCIO DE MARMORES E GRANITO LTDA; VALLOG TRANSPORTES E LOGISTICA LTDA,True,Outro,False
@fpconstrutora.al.com.br,canal,e-mail,6,3,3,3,Construcao,CONSORCIO CLC/CONSERVA/F.P.; CONSORCIO DUPLICACAO AL-220 LOTE 03 FP-CLC-CONSERVA; CONSORCIO BATALHA-OLIVENCA FP-CLC,True,Outro,False
@inoveengenharia.com,canal,e-mail,5,2,2,3,Construcao,"INOVE CONSTRUCOES, INCORPORACOES E ENGENHARIA LTDA; INOVE CONSTRUCOES, INCORPORACOES E ENGENHARIA LTDA - SCP - AGUAPE; INOVE CONSTRUCOES, INCORPORACOES E ENGENHARIA LTDA - SCP VILA CAJU",True,Grupo empresarial,False
@mrv.com.br,canal,e-mail,5,2,1,3,Construcao; Aluguel de imóveis próprios; Compra e venda de imóveis próprios,MRV ENGENHARIA E PARTICIPACOES SA; MRV PRIME MACEIO I INCORPORACAO IMOBILIARIA LTDA; MRV SEMINOVOS LTDA.,True,Grupo empresarial,False
@taboadanegocios.com,canal,e-mail,5,2,1,3,Construcao; Comércio varejista de artigos de relojoaria,ANGATU EMPREENDIMENTO IMOBILIARIO SPE LTDA; BOUTIQUE EMPREENDIMENTO IMOBILIARIOS SPE LTDA; SCP VILLA SAPE,True,Outro,False
@mmeparavoce.com.br,canal,e-mail,5,3,2,2,Construcao; Hotéis; Promoção de vendas,BONANCA CONSTRUTORA E INCORPORADORA LTDA; IPIOCA EMPREENDIMENTOS IMOBILIARIOS SPE LTDA; MME ENGENHARIA E CONTRATACOES LTDA,True,Grupo empresarial,False
@urbisperucaba.com.br,canal,e-mail,5,4,2,1,Construcao; Criação de bovinos para corte,URBIS PERUCABA EMPREENDIMENTOS IMOBILIARIOS LTDA; JARDINS PERUCABA EMPREENDIMENTOS IMOBILIARIOS LTDA; JARDINS PERUCABA II EMPREENDIMENTOS IMOBILIARIOS LTDA,True,Grupo empresarial,False
@replast.ind.br,canal,e-mail,5,5,5,0,"Industria de transformacao; Transporte rodoviário de carga, exceto produtos perigosos e mudanças, intermunicipal, interestadual e internacional; Comércio varejista de combustíveis para veículos automotores",ULTRAPLAST IND.E COM.DE SACOLAS PLASTICAS LTDA; REPLAST INDUSTRIA E COMERCIO LTDA; IPLAC INDUSTRIA PLASTICA CAETES LTDA,True,Outro,False
