cnpj_basico,porte_fiea
05317076,Micro
12332979,Micro
45990181,Média
01294551,Grande
29452835,Micro
13609213,Micro
23855859,Micro
05419211,Pequena
14810609,Micro
58681867,Micro
12049754,Micro
10933778,Micro
56998438,Micro
18692498,Micro
15539350,Micro
20664378,Micro
02508145,Micro
17094411,Micro
12171534,Micro
04254345,Pequena
20068306,Micro
04595628,Micro
11672070,Micro
03695266,Micro
06314929,Pequena
06117005,Micro
13931062,Micro
00389481,Micro
24311730,Pequena
21373332,Pequena
24260222,Micro
12247946,Micro
19345978,Micro
13845895,Micro
03784680,Micro
03773700,Micro
15102288,Grande
70011671,Micro
35724665,Grande
26962151,Micro
37115367,Micro
03768202,Micro
08622342,Micro
18027286,Micro
05101375,Pequena
07606222,Micro
73830614,Micro
12433420,Micro
09021302,Micro
27728487,Pequena
03202226,Micro
29315061,Pequena
24472748,Pequena
07660249,Micro
14086795,Média
09237019,Micro
21859839,Micro
26363546,Micro
04308836,Pequena
12390472,Pequena
14268771,Micro
17428731,Média
10823411,Micro
01352783,Pequena
14755547,Pequena
10233573,Pequena
10826008,Pequena
23752912,Micro
24312589,Micro
32707183,Micro
10425075,Média
69981348,Micro
10771817,Pequena
03867195,Pequena
12301263,Micro
32335570,Micro
07821320,Micro
19112004,Micro
16538909,Pequena
92930643,Média
14998371,Média
19914594,Micro
23608793,Micro
14827507,Micro
17387631,Micro
32183215,Micro
33045888,Micro
30168212,Micro
11840303,Pequena
07252019,Média
00394452,Micro
03147393,Micro
32769923,Micro
84046101,Média
00396895,Micro
28880303,Micro
18382891,Micro
29457887,Pequena
19164089,Média
28505900,Micro
30499980,Micro
18473932,Pequena
02895028,Média
00596307,Micro
13279580,Micro
22165071,Micro
24177669,Pequena
30047374,Micro
05849024,Micro
22193108,Pequena
01473288,Micro
04644460,Micro
31409011,Pequena
07162115,Pequena
12468482,Micro
25004691,Micro
12272795,Média
02330875,Micro
05911108,Pequena
10284597,Pequena
25319394,Micro
13864563,Pequena
12247268,Micro
12242020,Micro
02210303,Micro
12262739,Micro
23658211,Micro
23523983,Micro
16384285,Micro
14869576,Micro
12332961,Micro
12477858,Micro
17623454,Pequena
75431734,Média
70008776,Pequena
61068276,Micro
35182688,Micro
24479149,Micro
21330625,Micro
12248100,Pequena
06169877,Micro
04302189,Micro
03668755,Micro
01766440,Pequena
01259626,Micro
00734571,Micro
00048785,Pequena
07204706,Pequena
08102978,Micro
12187936,Micro
08532380,Micro
02855701,Pequena
33804866,Micro
12553683,Micro
25566035,Pequena
15572240,Micro
34657485,Micro
10416040,Pequena
19235340,Média
02533033,Micro
67706853,Grande
11399283,Micro
09195665,Micro
07073715,Pequena
04538749,Micro
04722126,Pequena
01798208,Micro
22213542,Micro
02085401,Pequena
27498840,Micro
12499951,Pequena
34803149,Micro
11471684,Micro
01240887,Micro
09330259,Micro
36799687,Micro
02657017,Micro
10970887,Pequena
33470257,Micro
16524611,Micro
03841498,Micro
05340192,Micro
16657707,Micro
35818197,Micro
32087706,Pequena
11710431,Pequena
00987872,Micro
00405445,Micro
02496470,Micro
04163038,Micro
07686412,Micro
07955100,Micro
08486108,Micro
00396877,Micro
12272320,Micro
33160102,Micro
19775376,Micro
17465765,Micro
19894763,Micro
16549745,Micro
17553860,Micro
12643780,Micro
37578371,Micro
08297013,Micro
21355903,Pequena
23766473,Micro
05577352,Pequena
05194406,Pequena
36212577,Micro
34626000,Micro
27000232,Pequena
12955134,Pequena
12426309,Micro
11064637,Micro
22876222,Micro
08447450,Micro
35927260,Micro
10237305,Micro
09829524,Micro
35745629,Micro
30579570,Micro
26672940,Micro
18969264,Pequena
40935355,Pequena
69983153,Micro
12419487,Micro
08190906,Micro
26247208,Micro
23266167,Micro
07691700,Micro
30922826,Micro
00770050,Pequena
08985886,Pequena
30483652,Micro
14563410,Micro
05151556,Micro
22372501,Micro
16813723,Micro
29046694,Micro
12423173,Micro
23559215,Micro
29741412,Micro
21898429,Micro
34246148,Micro
13138108,Pequena
01402962,Micro
01575600,Pequena
02476399,Micro
03674837,Micro
07671615,Micro
22350277,Micro
10840716,Micro
15048729,Micro
17739128,Micro
20042350,Pequena
27063117,Micro
33889179,Micro
08439374,Pequena
25355950,Pequena
08423352,Micro
21953126,Pequena
20864737,Micro
09278216,Micro
02149206,Micro
06129973,Pequena
39696395,Grande
31796355,Micro
08568622,Micro
30672953,Pequena
34152379,Micro
10586745,Micro
20646844,Micro
34636008,Micro
09394584,Pequena
73521502,Micro
12197449,Micro
16736895,Pequena
26633293,Micro
30228535,Micro
38076008,Micro
05138123,Pequena
05523736,Micro
06935875,Micro
08345087,Micro
09137574,Micro
04532557,Pequena
11066475,Micro
01162058,Micro
01359497,Micro
04107427,Micro
04123239,Micro
04370019,Micro
12933574,Micro
40931909,Micro
36372444,Micro
34325222,Micro
12403171,Micro
28070552,Micro
27446883,Pequena
27156803,Micro
26990901,Micro
28651055,Micro
14932067,Micro
13278777,Micro
19592715,Micro
17929679,Micro
07215480,Micro
08469391,Micro
31794388,Micro
08986254,Pequena
04381819,Micro
13967024,Pequena
10667481,Média
25040733,Micro
24380578,Micro
24548301,Micro
34040345,Pequena
07687928,Pequena
37477256,Micro
35728989,Micro
04453447,Micro
07197710,Micro
35401415,Micro
31797094,Micro
25215361,Micro
02470940,Pequena
03568752,Micro
17309817,Micro
15063096,Média
10212749,Grande
28942524,Pequena
05537083,Pequena
09557452,Micro
37979474,Micro
14255140,Pequena
22012590,Micro
03130810,Pequena
18008915,Micro
07157261,Micro
12210621,Pequena
14610798,Micro
37831412,Micro
12422721,Pequena
26387594,Micro
28567236,Micro
36666906,Micro
35135223,Micro
28373217,Micro
01042097,Micro
34210402,Micro
36993919,Micro
22514504,Micro
19043118,Micro
25169977,Micro
08954523,Micro
06336194,Pequena
29356179,Micro
12520599,Micro
05342748,Micro
00877273,Pequena
40524718,Micro
15445375,Micro
21825321,Micro
10827590,Micro
09340308,Micro
23831633,Micro
28808522,Grande
24328106,Pequena
39144610,Micro
28542292,Micro
30017302,Micro
12335030,Micro
02491558,Grande
12882061,Micro
12388096,Pequena
26642679,Micro
19658090,Micro
12275988,Média
02646676,Micro
18605079,Micro
27592942,Micro
35562461,Micro
00389127,Pequena
22911792,Micro
20801623,Micro
20173475,Pequena
13788020,Micro
11095527,Micro
05612725,Pequena
69977734,Média
11914140,Micro
06990156,Micro
47960950,Micro
41111282,Micro
12247631,Micro
08703170,Micro
06116356,Micro
11396290,Micro
40929259,Micro
37277349,Micro
20716514,Micro
22140945,Micro
07131598,Micro
27510497,Micro
40360247,Micro
20272839,Micro
12762007,Pequena
00063960,Média
15032175,Micro
06993961,Micro
13109132,Pequena
33278884,Micro
13377503,Micro
14208450,Micro
14109382,Micro
25336622,Média
30700135,Micro
30845005,Micro
33475634,Micro
35414118,Micro
32747205,Micro
12227351,Micro
16956886,Micro
37579795,Micro
28706043,Micro
03490977,Média
12000234,Micro
12207452,Micro
40754248,Micro
34789641,Micro
30570155,Micro
13062185,Micro
10704937,Micro
32681371,Pequena
06125789,Micro
07916722,Micro
20318834,Pequena
09288293,Micro
17058820,Pequena
02403944,Micro
35248953,Micro
03217945,Pequena
07925440,Micro
42633831,Micro
12494896,Micro
18623881,Micro
25185340,Micro
21277375,Micro
35973895,Micro
13425110,Micro
41157157,Micro
32284781,Micro
20601347,Micro
24515671,Micro
18430929,Pequena
20664409,Micro
18632538,Micro
05352714,Micro
18164163,Micro
33863635,Micro
06240281,Pequena
08984318,Média
26415744,Micro
15038019,Micro
12265245,Pequena
27355669,Média
28595418,Micro
69997096,Média
30499757,Média
56228356,Média
00394494,Micro
11399304,Pequena
29448183,Micro
13536168,Micro
08518482,Micro
13133514,Micro
06325805,Pequena
16939298,Micro
32312320,Micro
42560816,Micro
03816819,Micro
29258935,Micro
33659968,Micro
34759950,Micro
09331307,Pequena
17232997,Micro
02102318,Média
61495636,Micro
07185771,Pequena
40067737,Micro
35442576,Micro
12186367,Micro
04207672,Micro
29951301,Micro
03611680,Micro
06138915,Micro
28503394,Micro
26863826,Micro
12885733,Micro
13265918,Micro
13558061,Micro
14269117,Micro
12831558,Micro
17279213,Micro
26726389,Micro
32480484,Micro
32901346,Micro
16594651,Micro
18285615,Micro
33909404,Micro
26465810,Micro
09087496,Micro
20316449,Micro
08418714,Micro
23467044,Micro
32538941,Micro
13918846,Pequena
20050562,Micro
32009106,Micro
02250720,Micro
18235741,Pequena
38275932,Micro
12383351,Micro
35556729,Micro
34516274,Micro
23974582,Micro
12450268,Micro
21106855,Pequena
13383768,Micro
15122275,Pequena
20699231,Pequena
34033484,Pequena
15062872,Micro
08862530,Micro
34770765,Pequena
01466431,Pequena
35641786,Pequena
41968459,Micro
34230979,Pequena
09561830,Micro
42257983,Micro
40997366,Micro
32268084,Micro
40916895,Pequena
42467017,Micro
24697236,Micro
30903019,Pequena
13483584,Micro
00931510,Micro
10948915,Micro
00207218,Pequena
07183937,Micro
45299798,Micro
19678941,Micro
06971054,Pequena
39406082,Micro
41599989,Micro
12200168,Micro
12248878,Micro
30148219,Micro
12517793,Grande
27108051,Pequena
31205416,Micro
12877155,Pequena
12471280,Micro
04157964,Micro
41737015,Micro
45096408,Micro
12330916,Micro
27280462,Micro
12342663,Micro
28017151,Micro
06073260,Micro
26863459,Pequena
43849046,Média
03867580,Pequena
22392132,Micro
19209348,Micro
21132797,Micro
13831451,Micro
08602078,Micro
29045551,Micro
30858319,Micro
46002568,Micro
69984763,Micro
10391725,Micro
12270435,Pequena
15264764,Micro
22625795,Micro
37747699,Micro
21322337,Pequena
29790749,Micro
13967694,Micro
36332508,Micro
05786268,Pequena
35738483,Micro
06698222,Micro
03783408,Micro
27807266,Micro
14691013,Micro
15001586,Micro
04017308,Pequena
17216661,Micro
02611446,Pequena
13848845,Pequena
08850821,Micro
18362976,Pequena
13004510,Micro
03775588,Micro
37995360,Micro
21013754,Micro
13010034,Pequena
06935095,Micro
24246209,Grande
04191808,Pequena
02273156,Micro
21826069,Micro
12262713,Pequena
09143880,Micro
10777993,Pequena
46516577,Micro
12333761,Micro
19334391,Micro
44066152,Micro
12277686,Micro
28814027,Micro
37612035,Micro
12200143,Micro
02474103,Pequena
37138245,Média
16676054,Pequena
22798174,Micro
10763773,Média
20935186,Micro
18033937,Micro
21742908,Micro
13668672,Micro
36433855,Micro
37815797,Micro
09339342,Micro
01023556,Micro
12718854,Pequena
04615379,Micro
15616019,Micro
39878705,Micro
26691573,Micro
08596854,Pequena
10643407,Micro
05145620,Pequena
36531081,Micro
43727200,Micro
20937653,Micro
19258135,Micro
23270193,Micro
03774688,Média
30091291,Micro
41185455,Micro
18396669,Micro
43102217,Pequena
12207429,Micro
36665296,Micro
34278340,Micro
43461971,Pequena
31238291,Micro
17121423,Micro
14873198,Micro
13575542,Micro
33918181,Pequena
37822609,Micro
34630670,Micro
47704297,Micro
12842829,Grande
11555195,Micro
02223966,Micro
41406475,Pequena
47856459,Micro
14828958,Média
11822991,Micro
02453902,Micro
32119931,Micro
15391942,Micro
27358066,Pequena
17125359,Micro
12263869,Micro
37458871,Micro
41051046,Micro
12333746,Micro
09653969,Pequena
02463608,Micro
39582661,Pequena
31969791,Micro
21840669,Micro
18362877,Micro
31757290,Micro
45465631,Micro
47412239,Micro
47582966,Micro
47670027,Micro
47702551,Micro
47786760,Micro
47955590,Micro
13279320,Pequena
47955702,Micro
11668469,Micro
02169764,Micro
12476438,Pequena
07671201,Micro
06304701,Micro
04915250,Pequena
41175449,Micro
05280245,Micro
31697036,Pequena
07480283,Micro
27151377,Micro
73410326,Pequena
36704461,Pequena
90272337,Média
26110945,Micro
10375387,Micro
35564301,Micro
27694881,Pequena
31522954,Micro
47483716,Média
69982122,Micro
02917132,Micro
33090546,Micro
23312500,Micro
37719590,Micro
37977820,Micro
18290564,Micro
35551587,Micro
33130876,Micro
10594458,Micro
12411864,Pequena
44819838,Média
40819062,Micro
26384524,Micro
19998074,Micro
27600277,Micro
10560303,Micro
23037243,Micro
48129903,Micro
36417162,Micro
18648791,Micro
11207241,Micro
27501572,Micro
09343517,Micro
21014027,Micro
10819316,Pequena
01722424,Grande
26642840,Micro
40789039,Pequena
10614975,Micro
12334629,Micro
12200317,Média
07348227,Micro
01737963,Média
42579089,Micro
12133261,Micro
45911210,Micro
41239032,Micro
00183256,Média
11301685,Média
12264248,Micro
08629446,Grande
33027551,Micro
24466120,Pequena
43326504,Pequena
04090952,Pequena
02365095,Pequena
01014074,Micro
12332987,Micro
27181949,Média
36667787,Micro
05971382,Micro
32471578,Micro
41145172,Micro
47707511,Micro
40432544,Pequena
14790595,Micro
41185380,Pequena
46161340,Micro
12264396,Grande
00594607,Micro
23795877,Micro
37597915,Micro
30548258,Micro
34939006,Pequena
12200325,Grande
12183299,Pequena
09041168,Média
03504437,Pequena
38374283,Micro
32489879,Micro
32419946,Micro
28470660,Micro
27360884,Micro
18357790,Pequena
12029738,Micro
49047474,Micro
17957203,Micro
28606684,Micro
01411387,Pequena
20228988,Micro
01774047,Pequena
26431349,Pequena
36848853,Micro
15568388,Micro
29791243,Micro
14093245,Micro
10482808,Micro
14836552,Pequena
08836579,Pequena
63056469,Micro
12262721,Micro
51539157,Micro
15459448,Micro
07630342,Micro
09080623,Pequena
40515161,Pequena
12361267,Micro
45482074,Micro
14822943,Micro
40934820,Pequena
23259627,Micro
05466409,Micro
38370475,Micro
07824798,Pequena
31144403,Micro
12097134,Pequena
47315476,Micro
04802102,Micro
36438909,Micro
18317080,Micro
09331448,Média
00394429,Micro
23388447,Média
07539640,Micro
15486212,Micro
01528374,Micro
28034598,Micro
31271476,Pequena
35335154,Micro
50634035,Micro
07037124,Média
07014233,Micro
03340010,Micro
29278580,Pequena
17863575,Micro
03795415,Micro
21084632,Micro
12335436,Micro
18446631,Micro
17314452,Micro
14808481,Micro
15813062,Micro
08822526,Pequena
17654804,Pequena
08475899,Pequena
03775543,Micro
01438784,Média
52025982,Média
07230491,Micro
04377451,Micro
29630901,Micro
14761041,Média
03848688,Micro
01404014,Pequena
15159265,Micro
10654927,Micro
17597504,Micro
12421152,Micro
52128661,Micro
07200966,Micro
35892976,Micro
41516702,Pequena
09326499,Média
10854165,Micro
97549477,Pequena
01788274,Micro
13097371,Pequena
13748617,Pequena
29235232,Micro
16965399,Micro
07529026,Micro
37560113,Micro
35264480,Pequena
32313923,Média
11296408,Pequena
09260643,Micro
11941964,Pequena
17651171,Micro
70014444,Pequena
69939239,Pequena
45533719,Micro
12200283,Micro
35640911,Micro
53380296,Micro
13975489,Micro
09275601,Pequena
27434383,Micro
42455874,Micro
08257218,Pequena
14867588,Micro
35467604,Micro
36309996,Micro
33462536,Pequena
39428239,Pequena
49955967,Micro
43458749,Pequena
20402342,Micro
06194224,Pequena
35378132,Pequena
12621414,Pequena
43207993,Micro
17217614,Micro
32663513,Micro
02195633,Pequena
04214831,Pequena
22585330,Micro
48221656,Micro
13382992,Micro
32237933,Micro
05073695,Micro
08894562,Pequena
07397455,Pequena
13059020,Micro
32169927,Micro
46571565,Pequena
16953102,Micro
12316295,Micro
53796026,Pequena
08753794,Pequena
24306565,Micro
34816251,Micro
04645454,Pequena
04027102,Média
24318149,Pequena
30705924,Pequena
15393538,Micro
39491109,Micro
42270182,Micro
11801504,Micro
12241865,Micro
28167660,Média
38392562,Micro
05817940,Pequena
33327877,Micro
54311169,Micro
38206349,Micro
47554235,Micro
26810437,Micro
54636994,Pequena
49380301,Micro
05728418,Micro
11198945,Pequena
21558826,Micro
07206816,Pequena
34647905,Pequena
08061345,Micro
35678158,Micro
08341859,Pequena
30849646,Micro
08620924,Média
35642768,Média
33579619,Micro
40565017,Micro
69987733,Micro
01042113,Pequena
50037265,Micro
51426598,Micro
10333399,Micro
33297702,Micro
50671663,Micro
09605724,Micro
18931715,Pequena
27541541,Média
63554067,Média
50100587,Pequena
26559599,Pequena
05858661,Micro
26927920,Micro
10554092,Micro
49229955,Micro
51614445,Micro
50871217,Micro
22080376,Micro
19936139,Micro
12558275,Micro
45115863,Micro
01888146,Média
00405532,Pequena
29859989,Micro
30156411,Micro
29801129,Micro
21870171,Micro
32484738,Micro
35738970,Média
15369322,Média
54138266,Micro
12331658,Pequena
54202484,Micro
48975994,Micro
48962242,Pequena
11266946,Micro
52920999,Pequena
70017447,Micro
50992279,Média
07229881,Pequena
06182329,Pequena
07642466,Micro
38043603,Micro
55065115,Micro
35742394,Pequena
21238763,Micro
53626611,Micro
44991611,Micro
33839676,Pequena
12133315,Micro
13536838,Grande
01733833,Micro
12310579,Média
00063682,Micro
42910250,Micro
33795971,Pequena
04133593,Micro
11693851,Micro
18548711,Micro
18932658,Micro
35384082,Micro
10847382,Pequena
41187766,Micro
55246486,Pequena
08516907,Micro
12916402,Micro
03789272,Micro
06138818,Micro
19427967,Micro
26562837,Pequena
06216099,Pequena
12150025,Micro
54935116,Micro
22127049,Micro
10538827,Micro
03803317,Média
06232484,Grande
44181711,Micro
04480563,Micro
03780605,Micro
01180024,Pequena
08986384,Micro
21013779,Grande
16515012,Micro
04487560,Pequena
17281037,Pequena
42200176,Micro
15081543,Micro
14768517,Micro
07389665,Micro
55963809,Micro
33609673,Micro
10941603,Média
04843468,Pequena
02615790,Pequena
27151816,Micro
31455853,Pequena
08478265,Pequena
29449126,Micro
19315059,Micro
10805683,Pequena
08619900,Micro
10306633,Pequena
06314007,Micro
24251530,Micro
32356817,Pequena
24464315,Micro
09498666,Pequena
12482873,Micro
25422019,Micro
25237410,Pequena
10811586,Pequena
55553907,Pequena
32355846,Micro
14840869,Pequena
09597651,Micro
08486136,Micro
24483633,Micro
40269650,Micro
07982350,Micro
02455233,Micro
33915480,Micro
13328046,Micro
47061066,Micro
08284522,Micro
09143357,Micro
46847405,Pequena
32279260,Micro
05559112,Pequena
26430205,Pequena
27052087,Micro
35167946,Micro
18174673,Micro
31720259,Micro
80378052,Pequena
33938861,Micro
20780676,Micro
12382822,Micro
35189044,Micro
07337342,Micro
33173705,Micro
24313827,Pequena
34070267,Pequena
13055903,Pequena
43802186,Micro
40648992,Pequena
15108513,Pequena
10474868,Micro
11031356,Pequena
08654538,Micro
11643096,Micro
43836290,Micro
08441909,Micro
07458951,Micro
04735979,Micro
10756907,Micro
04750478,Pequena
30871646,Micro
02222761,Micro
20782104,Pequena
23856827,Micro
50269736,Pequena
69997989,Micro
34530283,Micro
12332815,Micro
24830240,Micro
44586624,Micro
10368560,Micro
45099738,Micro
39741619,Pequena
46077234,Pequena
29712233,Pequena
02050998,Pequena
34772927,Média
21941112,Micro
07326239,Micro
35642172,Média
35728310,Pequena
07664567,Micro
24478216,Média
00816565,Pequena
01868460,Micro
04532525,Micro
09350655,Micro
12318234,Micro
40928830,Micro
14085471,Micro
29500928,Micro
23238060,Micro
10589833,Micro
05267397,Micro
18066972,Micro
57876279,Micro
10831030,Micro
28779055,Micro
16973609,Pequena
10840082,Micro
11928476,Micro
46189709,Micro
22800571,Micro
01832386,Micro
15862219,Pequena
03507618,Micro
09622027,Micro
35547843,Micro
42374148,Pequena
00554672,Micro
30587116,Micro
08924018,Micro
42418771,Micro
05324226,Micro
08342516,Micro
32333202,Micro
39971284,Micro
70005723,Micro
21315683,Micro
00292156,Micro
18113955,Grande
12355919,Micro
33978848,Pequena
44575605,Pequena
09167697,Pequena
09361765,Micro
45595462,Pequena
03751705,Micro
14295785,Micro
00405481,Micro
09624537,Pequena
35293185,Pequena
07256880,Micro
03774819,Micro
02914892,Micro
02009037,Pequena
48324583,Micro
12201984,Pequena
12423918,Pequena
12840775,Micro
02297239,Micro
09207511,Micro
15219410,Micro
40702064,Micro
28411741,Micro
04532551,Micro
15786439,Micro
21169943,Micro
36636489,Micro
01839841,Micro
17180111,Micro
34896233,Média
14011642,Micro
10950744,Micro
34758007,Micro
25369404,Micro
08917765,Micro
30700933,Micro
18711452,Micro
18221849,Micro
27909384,Micro
01744683,Micro
01217954,Micro
14101244,Micro
28515756,Micro
04767762,Micro
34274233,Pequena
15738728,Micro
03993141,Micro
12375747,Micro
33471450,Micro
40678071,Pequena
34895118,Micro
29514979,Micro
22821129,Micro
35930943,Micro
17471480,Pequena
23220094,Micro
35571700,Micro
11412955,Micro
08419352,Micro
45652304,Micro
14698540,Micro
30188771,Micro
01563491,Micro
31005916,Micro
45637490,Micro
49150352,Micro
12366962,Pequena
64904295,Média
18394977,Pequena
18098211,Micro
09300217,Micro
35139529,Micro
40497284,Micro
01247474,Micro
20784093,Micro
25060853,Pequena
41178237,Micro
09102299,Micro
38058413,Pequena
14882491,Micro
02830307,Micro
40917908,Micro
06064264,Média
03014358,Micro
36138126,Micro
45316850,Micro
05078809,Micro
04606375,Pequena
24902810,Micro
28964988,Pequena
01372327,Micro
32496704,Micro
34813645,Micro
35852051,Micro
07063735,Micro
17270483,Micro
14937535,Micro
28206503,Micro
24022845,Micro
11812061,Média
23450985,Micro
33961886,Micro
43995907,Micro
14489972,Pequena
48999978,Micro
12450888,Pequena
18053794,Pequena
29325963,Micro
07670835,Micro
00719380,Micro
35734334,Micro
51053061,Micro
36033147,Pequena
40914046,Pequena
10793958,Pequena
10929844,Micro
17003116,Micro
23274716,Micro
23097643,Pequena
43234157,Pequena
23803052,Micro
00969924,Micro
26216215,Micro
39676924,Micro
28790078,Micro
35741370,Micro
47454591,Micro
24736262,Micro
15353706,Pequena
04454766,Micro
08834434,Micro
18314058,Micro
36343070,Micro
20655142,Micro
12091405,Micro
05147748,Pequena
01243011,Pequena
12157863,Micro
30809953,Micro
33947231,Micro
08014225,Micro
02833384,Micro
06015041,Micro
09358384,Média
30490424,Micro
20961184,Micro
03396460,Micro
11800803,Micro
45596445,Pequena
07107965,Micro
12203196,Micro
12207619,Micro
14367878,Micro
26791836,Micro
28779187,Micro
22442829,Micro
20836064,Micro
47839082,Micro
45358277,Média
12319067,Micro
01788297,Micro
04918610,Pequena
70003504,Pequena
35640945,Micro
28333798,Pequena
35561844,Micro
49422093,Micro
08099802,Micro
02789569,Micro
08413825,Pequena
12423997,Média
16456878,Micro
25422785,Micro
37672627,Micro
37779903,Pequena
04540885,Micro
07675759,Micro
36184815,Micro
11264265,Pequena
07536340,Micro
13952432,Pequena
01758073,Micro
10597121,Micro
12018347,Micro
11393033,Micro
17989116,Micro
17352647,Micro
12520045,Pequena
22202721,Pequena
25533949,Pequena
31897907,Micro
32792105,Micro
35561471,Grande
00692703,Micro
50231122,Pequena
08414691,Pequena
10440705,Micro
45157243,Micro
02257967,Micro
08489643,Micro
03766415,Micro
70005855,Pequena
17622147,Micro
37309385,Micro
02751862,Micro
53288998,Micro
41176520,Pequena
07749075,Micro
08850765,Média
42798600,Micro
11431171,Micro
03321599,Média
71673990,Pequena
18843320,Micro
09452900,Pequena
09527046,Pequena
09617432,Pequena
44968015,Pequena
18311921,Micro
31477491,Micro
20927399,Micro
15113214,Micro
52328395,Pequena
12014510,Pequena
45972014,Micro
33764593,Micro
02614703,Micro
50302937,Micro
08995670,Micro
02301846,Micro
04922352,Micro
15560108,Micro
34288231,Micro
12975223,Micro
05146393,Micro
50600889,Micro
57356372,Micro
10600679,Pequena
08763404,Pequena
26774412,Micro
40911117,Micro
48006997,Micro
42713694,Micro
35553353,Micro
10237794,Micro
12317012,Micro
13569064,Pequena
10812501,Micro
35013022,Micro
04267678,Pequena
36722796,Micro
17348739,Micro
03775620,Micro
11165010,Micro
04342949,Pequena
24243925,Pequena
03753945,Média
24326589,Micro
42624548,Micro
19971010,Micro
29112325,Micro
05516831,Pequena
01656786,Micro
35763849,Pequena
35993367,Micro
10415021,Micro
12974281,Micro
12228375,Micro
12250056,Micro
12277489,Média
47895879,Micro
41182569,Micro
02865907,Micro
12647115,Micro
17776281,Micro
32706891,Pequena
05230009,Pequena
41183708,Pequena
12486825,Micro
07355891,Micro
01774589,Pequena
11123433,Micro
39346861,Pequena
10656452,Micro
20815180,Micro
32620185,Micro
23202729,Micro
16904274,Micro
03808307,Micro
21135340,Micro
11509834,Micro
05957520,Micro
27515938,Micro
03022327,Micro
06304474,Micro
01908548,Micro
49120358,Micro
16628118,Pequena
04583137,Grande
30903679,Micro
02476391,Média
03776255,Micro
23292788,Pequena
16819228,Micro
19667297,Micro
44943209,Micro
23275905,Micro
04433402,Pequena
11921475,Média
03657005,Micro
04515488,Pequena
37225540,Micro
24482648,Micro
49138205,Micro
18204483,Micro
32898143,Micro
43127127,Micro
01492009,Micro
46202280,Micro
28923975,Micro
09002715,Micro
18015981,Micro
10847762,Média
49739605,Micro
38544161,Micro
43752470,Pequena
06912544,Pequena
18639497,Micro
49608933,Pequena
22925183,Micro
37256433,Micro
04871686,Micro
06325812,Micro
41277264,Micro
52548435,Grande
22975605,Micro
30553112,Micro
26439487,Micro
12017984,Micro
12972089,Micro
73471963,Pequena
22866960,Pequena
24244972,Micro
48671070,Micro
02594784,Micro
19443351,Micro
09278987,Pequena
19950277,Pequena
27973754,Micro
75784140,Pequena
58550607,Micro
37597154,Micro
03859544,Micro
05742344,Micro
00150858,Micro
42437284,Micro
24111914,Micro
24194249,Pequena
05382505,Micro
82743287,Micro
11355874,Pequena
07358761,Média
00145602,Micro
14488805,Pequena
48130274,Pequena
14287172,Micro
19759579,Pequena
08149368,Micro
03795071,Micro
13043804,Micro
40141215,Micro
08616161,Micro
02539839,Pequena
01665841,Micro
10445683,Micro
23073420,Micro
35372028,Micro
04821372,Pequena
12207445,Micro
40091298,Micro
08943210,Micro
06227963,Micro
47886861,Micro
02450308,Pequena
18205634,Micro
69977817,Grande
13808130,Pequena
17798601,Micro
07888091,Pequena
02339308,Pequena
08713073,Micro
30925826,Micro
50811328,Micro
12516746,Média
08661067,Micro
18746528,Pequena
10629404,Pequena
42619562,Micro
45417691,Pequena
46167586,Pequena
08110993,Micro
03775690,Micro
05727414,Micro
10907247,Pequena
14125767,Micro
12315636,Micro
11460923,Micro
18025659,Pequena
46720184,Média
21050108,Micro
04326648,Pequena
07487579,Micro
03595723,Pequena
06069729,Pequena
19306933,Micro
57829654,Micro
24751061,Micro
26991157,Micro
50527176,Micro
00407844,Micro
35366657,Micro
10689285,Micro
35396968,Micro
33541368,Pequena
10751005,Média
14377141,Micro
19730559,Micro
45029037,Pequena
49767907,Micro
42270722,Média
21023220,Pequena
12332953,Micro
03965700,Pequena
24174559,Micro
13258486,Micro
24464109,Grande
01010860,Micro
08401328,Pequena
03252709,Micro
35099027,Pequena
12156097,Pequena
35911152,Pequena
09165028,Pequena
22583567,Micro
35250695,Micro
02970438,Micro
05232382,Média
32357119,Pequena
33665126,Micro
54058759,Micro
22503169,Micro
12250916,Micro
04709328,Micro
03636036,Micro
01451344,Média
16993136,Micro
21301464,Micro
01232050,Micro
31785499,Pequena
31635202,Micro
31470634,Micro
01420682,Pequena
12049631,Micro
09317675,Média
10424756,Micro
12186524,Média
39584335,Micro
34133117,Micro
08911577,Pequena
12592009,Micro
35535974,Micro
35564087,Média
08147703,Micro
44128572,Pequena
21603692,Micro
02149105,Micro
01171898,Micro
54787099,Micro
04823214,Pequena
02691904,Pequena
02559155,Micro
05439866,Micro
29168704,Pequena
24005166,Micro
11197146,Micro
11334420,Micro
11820775,Micro
08805492,Micro
04318074,Micro
30861353,Micro
19478905,Micro
29287041,Pequena
14841283,Micro
30444203,Micro
14898243,Média
22763714,Micro
28839212,Micro
37652437,Micro
16644245,Média
51737210,Micro
29547749,Micro
33689828,Micro
47763856,Pequena
34786603,Micro
12207742,Média
17633171,Micro
26238109,Micro
05693271,Micro
10823219,Pequena
28419502,Micro
40730122,Micro
18246958,Micro
12471298,Micro
06210697,Micro
13646076,Média
18818196,Micro
49837432,Micro
45412531,Pequena
31820106,Micro
07189259,Pequena
41191677,Pequena
42470135,Pequena
18130068,Pequena
18219358,Micro
35632819,Média
60332319,Média
50583563,Micro
39905098,Micro
01603789,Micro
03843397,Pequena
10795557,Micro
11387927,Micro
22919866,Micro
40030144,Micro
41175335,Pequena
29504270,Micro
45587682,Micro
04603567,Pequena
08145003,Micro
61384529,Pequena
23737952,Micro
35685315,Micro
28086842,Média
00469391,Micro
04811676,Pequena
06133081,Micro
06170524,Micro
08737947,Micro
48993736,Micro
17900904,Micro
33966986,Pequena
31960676,Micro
23411346,Pequena
05588300,Micro
09000527,Média
88301155,Micro
40649585,Pequena
25003808,Pequena
14581038,Micro
24975051,Micro
26777267,Micro
08546942,Pequena
10383060,Micro
15408679,Micro
21684076,Micro
18311885,Média
31970180,Pequena
30653585,Micro
05232786,Pequena
07073572,Pequena
16992716,Pequena
17470223,Micro
34775651,Pequena
39934991,Micro
43053973,Micro
02693750,Grande
10832008,Micro
40924227,Pequena
03767250,Pequena
28591415,Micro
20135354,Micro
24078780,Grande
13246167,Pequena
70002746,Micro
51660007,Micro
41653026,Micro
28663399,Micro
04964450,Micro
04051261,Pequena
06069123,Média
48571583,Pequena
46357018,Micro
20589243,Pequena
41012181,Pequena
00078296,Micro
09158215,Micro
43639775,Pequena
48829557,Micro
46506441,Micro
12520698,Micro
01285165,Micro
00771260,Micro
46026190,Micro
01610798,Pequena
23715940,Pequena
10557540,Média
26807886,Micro
09571854,Micro
08729141,Média
48649274,Micro
53241657,Média
27181509,Micro
08188552,Micro
24250813,Micro
12478095,Grande
48244421,Média
35739739,Micro
19585028,Pequena
12187241,Pequena
45614092,Pequena
09601934,Micro
00773296,Micro
12683326,Média
17127654,Micro
21717134,Micro
24468522,Média
13096105,Micro
30494698,Micro
11440164,Micro
28327272,Micro
27191235,Micro
07337276,Média
39360633,Pequena
36078354,Micro
36064094,Micro
57645286,Micro
12285441,Média
48825912,Pequena
63907723,Micro
08509161,Micro
00967835,Pequena
61320365,Micro
16328205,Grande
04012882,Pequena
34116804,Pequena
37888525,Pequena
02285556,Micro
35631449,Pequena
14432042,Micro
17765953,Micro
21675045,Micro
10885069,Micro
07036026,Micro
17336019,Pequena
29884632,Grande
24726921,Micro
21142841,Micro
03773834,Micro
04601397,Pequena
12387890,Pequena
45909716,Pequena
79500385,Micro
09120336,Pequena
12242350,Micro
33623363,Micro
38162420,Micro
12257462,Pequena
24884037,Média
32610377,Micro
37432689,Média
42908486,Média
45359410,Pequena
40602008,Micro
23524040,Micro
08467115,Pequena
08092429,Micro
24455677,Pequena
12200184,Grande
51130072,Pequena
10748650,Micro
02668961,Micro
36123079,Micro
48684642,Média
12607842,Grande
12333738,Micro
12241675,Micro
00588458,Micro
02234179,Média
35659858,Pequena
00290431,Micro
19598162,Micro
44526952,Micro
16819346,Micro
02281679,Média
01974371,Pequena
24176307,Micro
09624655,Micro
50507673,Micro
40846012,Média
45519566,Pequena
35368695,Micro
46337372,Grande
08898820,Micro
03624362,Pequena
01584452,Pequena
12236873,Micro
23233451,Micro
27023800,Pequena
12181996,Micro
13711720,Pequena
08840071,Micro
43354807,Pequena
40719251,Micro
12366720,Grande
29259315,Micro
05325467,Micro
07246670,Pequena
09520287,Micro
05961860,Pequena
06209606,Pequena
00874154,Micro
16691563,Micro
40921140,Pequena
22844896,Micro
26775107,Micro
31132744,Micro
22213836,Pequena
02423864,Pequena
31749329,Média
49678524,Micro
35443797,Micro
23093434,Micro
44203357,Micro
52682336,Micro
12476466,Média
41184961,Pequena
44203148,Micro
46423021,Média
35492098,Micro
47298482,Micro
70000435,Pequena
03746272,Pequena
13743821,Micro
12407474,Micro
11969639,Pequena
41480855,Micro
18548838,Média
06145615,Micro
26211360,Pequena
49142678,Média
08489098,Média
15088931,Micro
28442909,Micro
28629213,Micro
03318115,Pequena
08001458,Média
46806564,Pequena
09245201,Micro
24341378,Micro
05913401,Média
10553943,Micro
26216761,Micro
52650507,Micro
01599089,Micro
69987980,Micro
15222018,Micro
41864070,Pequena
26070970,Micro
31895963,Micro
38497296,Micro
43773181,Média
20409151,Micro
12102741,Pequena
49781482,Pequena
54846397,Média
14417251,Pequena
08611923,Micro
08295507,Pequena
27242125,Pequena
19594552,Pequena
27511226,Micro
07509781,Micro
02040502,Micro
18729404,Micro
05012368,Pequena
37607277,Micro
32725022,Micro
06065424,Micro
05515590,Micro
13009550,Pequena
03028774,Micro
05467621,Micro
06173511,Média
02597092,Micro
09813009,Micro
11910387,Micro
07868323,Micro
58406719,Pequena
07734273,Média
29521785,Micro
43378051,Pequena
20766023,Micro
48865462,Micro
27446441,Micro
05502102,Micro
26391611,Micro
24250342,Pequena
22779724,Micro
90347840,Pequena
08900689,Pequena
03910880,Pequena
12392890,Pequena
12449880,Micro
14757564,Média
12207437,Micro
08505736,Pequena
09352645,Micro
41186560,Micro
01952990,Micro
06371325,Pequena
24480485,Micro
70014774,Pequena
02867678,Média
39808835,Pequena
36308155,Média
15590007,Pequena
42620878,Micro
26389015,Micro
07103225,Pequena
19499296,Pequena
07431747,Micro
31035574,Micro
41160235,Micro
82984287,Micro
08434805,Pequena
04667933,Pequena
07411014,Pequena
07732587,Média
35097794,Micro
36075731,Micro
02303624,Micro
24987939,Micro
15126451,Micro
04821392,Pequena
09411692,Pequena
53689296,Pequena
35129163,Micro
02865831,Média
18078551,Micro
35741024,Média
07510298,Micro
14951706,Micro
07648847,Micro
35435586,Micro
69991214,Micro
52693780,Média
04307530,Micro
15621902,Média
14285405,Micro
12509238,Média
12224895,Micro
08474125,Micro
03698620,Pequena
19427410,Micro
30231212,Pequena
24177305,Micro
27654153,Micro
44113690,Micro
13158812,Micro
12308631,Micro
00360305,Micro
53996848,Pequena
12316402,Média
19682315,Micro
49329618,Micro
69975654,Micro
48871087,Pequena
35536265,Micro
17929081,Micro
22648664,Micro
08923450,Micro
43645681,Pequena
53622004,Micro
55187737,Micro
17432875,Micro
27973446,Micro
10811677,Pequena
19936024,Pequena
24937152,Micro
53281653,Micro
65780094,Pequena
92660604,Pequena
30102828,Micro
08531946,Micro
52869068,Micro
36329165,Micro
19388186,Micro
40077724,Micro
35375005,Pequena
02765607,Micro
13805556,Micro
08295518,Pequena
51714908,Micro
08962155,Pequena
11509676,Pequena
13591329,Pequena
12042597,Micro
82945932,Micro
02823335,Pequena
09344391,Pequena
50161226,Micro
27056622,Micro
12069177,Micro
01788792,Micro
02413246,Pequena
08013954,Micro
03910210,Micro
24252447,Micro
07149307,Pequena
35647523,Micro
28160531,Micro
00673581,Micro
02359689,Micro
07502493,Micro
03656804,Grande
33569960,Micro
52441298,Pequena
22963976,Média
24285302,Micro
73471989,Micro
50567288,Micro
40914875,Micro
03951809,Pequena
33574220,Micro
20644507,Micro
09276932,Média
12448221,Média
17022762,Média
12199121,Média
10472954,Pequena
03795086,Micro
22476571,Pequena
01357555,Micro
42357483,Média
40908832,Micro
69973477,Pequena
26688379,Pequena
08513910,Micro
23571419,Micro
22053818,Micro
10325863,Micro
06931419,Micro
16925721,Pequena
16821729,Micro
12376097,Micro
44086279,Pequena
21222685,Pequena
32041636,Micro
05873960,Micro
10918657,Pequena
09597731,Pequena
12418166,Micro
69943967,Micro
00858237,Pequena
24411864,Micro
34786880,Pequena
02417115,Micro
00279531,Pequena
08072649,Média
11252153,Pequena
09259936,Micro
05605339,Micro
35256106,Micro
20826927,Pequena
54474453,Micro
20997850,Micro
51321533,Micro
45819383,Micro
09558134,Grande
50381212,Micro
55066699,Micro
37357239,Micro
35647608,Pequena
57991098,Pequena
42860886,Micro
04590305,Pequena
46806528,Micro
08973574,Pequena
27230297,Micro
51298283,Pequena
12200135,Micro
10616674,Micro
16798006,Micro
12207536,Micro
78391612,Micro
86894953,Micro
50026997,Pequena
51879879,Micro
02573575,Micro
12229753,Grande
13256673,Micro
35270750,Média
50212733,Micro
47594187,Micro
34567306,Média
41796948,Micro
30649147,Micro
12156592,Média
12513140,Pequena
48869153,Micro
06248248,Média
48012237,Média
07147444,Pequena
12268397,Média
05417572,Micro
12945994,Micro
27995600,Pequena
05308387,Micro
10771790,Pequena
12020066,Média
17777646,Pequena
18217007,Micro
36634906,Pequena
12286944,Pequena
26491141,Micro
39651797,Micro
35372432,Pequena
22602534,Micro
00818307,Micro
00901816,Micro
18498175,Micro
05925056,Micro
54845919,Micro
21007469,Micro
24470023,Micro
31563272,Micro
05996028,Pequena
12369880,Micro
54027801,Pequena
26479090,Pequena
49120631,Micro
50381197,Micro
01728967,Micro
19485388,Pequena
11371363,Micro
69989853,Pequena
45128005,Média
51533527,Micro
15392907,Micro
37135365,Média
23057444,Micro
18144066,Pequena
36793176,Micro
01899414,Pequena
21583852,Pequena
22195075,Micro
35578782,Micro
11592537,Micro
28154598,Micro
45498710,Pequena
12388278,Micro
41200286,Pequena
08726496,Pequena
10723930,Pequena
54434073,Média
11669055,Pequena
08789800,Pequena
00399857,Média
31534780,Micro
04342459,Média
51899405,Micro
41579259,Pequena
02527858,Pequena
48905364,Micro
03470536,Pequena
38059977,Micro
34831679,Micro
34074252,Micro
08448300,Micro
15786418,Micro
12217832,Grande
15580519,Micro
11050982,Pequena
43078549,Micro
04735821,Micro
01106583,Pequena
10659395,Micro
11901336,Micro
43633513,Pequena
09277089,Micro
24208048,Micro
06937784,Pequena
40954597,Pequena
50938938,Pequena
06121325,Pequena
19306147,Micro
12264222,Micro
07042588,Micro
01129810,Micro
06204078,Pequena
70014030,Média
39886750,Média
17597297,Micro
45410144,Micro
17754859,Micro
16527159,Micro
08439549,Micro
02914577,Micro
04790656,Pequena
13748815,Micro
08067275,Micro
05771122,Micro
11483295,Micro
19651726,Pequena
12306031,Pequena
10825373,Micro
05234201,Micro
12275715,Grande
03777341,Grande
02112625,Micro
10610031,Micro
39585461,Micro
38333461,Micro
12019360,Média
12281871,Micro
09428526,Pequena
02805820,Micro
32808669,Pequena
12382008,Micro
01336881,Micro
09318807,Micro
50829116,Pequena
11992870,Pequena
06198619,Pequena
46632939,Micro
10590725,Pequena
43796146,Pequena
05132476,Pequena
04493020,Pequena
09863853,Micro
16611511,Micro
37157610,Pequena
08618746,Pequena
07771407,Pequena
32020674,Pequena
21525643,Pequena
22213186,Pequena
10896964,Micro
10769660,Pequena
07387606,Pequena
11923281,Média
03405567,Micro
12198693,Micro
41568214,Micro
25164354,Pequena
12248522,Micro
12285276,Grande
07811608,Média
03178923,Pequena
36634768,Pequena
22341335,Micro
17532856,Micro
06943858,Pequena
04928281,Grande
10547384,Micro
12847606,Micro
30082244,Micro
01177442,Micro
01774021,Micro
12157871,Micro
12225546,Micro
12835997,Micro
41166745,Micro
03949951,Pequena
30984346,Pequena
10824654,Pequena
16941986,Micro
00390664,Pequena
00961032,Micro
12841003,Micro
41183088,Pequena
08488348,Micro
12264493,Micro
05680391,Média
86981966,Pequena
24447770,Grande
12634325,Média
41483782,Micro
28978618,Micro
35553783,Micro
20253491,Micro
11232112,Micro
24245219,Média
42616246,Micro
43249460,Micro
08282818,Micro
35956639,Pequena
00237471,Micro
01454407,Média
05535398,Micro
23878186,Pequena
36088576,Micro
19273747,Micro
13551835,Micro
11101933,Micro
00930087,Pequena
02180731,Pequena
21876488,Micro
27854319,Micro
06371307,Micro
07250211,Micro
20443702,Pequena
14891051,Pequena
30380199,Micro
01611866,Pequena
05954139,Micro
07471959,Micro
08446312,Micro
18531819,Micro
17756769,Micro
11705404,Pequena
17414193,Micro
10438518,Micro
28791676,Micro
17017389,Micro
10695076,Micro
08695037,Micro
12633133,Micro
12200218,Micro
03887992,Micro
10500326,Pequena
69983856,Pequena
13363936,Micro
30862278,Micro
19653622,Pequena
01182834,Micro
26736810,Micro
24870569,Pequena
20268976,Micro
67945071,Pequena
25236230,Micro
32785284,Micro
05966389,Micro
17958389,Micro
49795483,Micro
08295547,Média
29067113,Pequena
29441234,Pequena
06326419,Micro
06005047,Micro
05582326,Micro
01413951,Pequena
01301040,Micro
17640768,Micro
12086091,Micro
24312944,Micro
26058879,Micro
32705707,Micro
18195069,Micro
09342379,Média
09133730,Média
33614220,Micro
41160680,Grande
33660990,Micro
07478417,Grande
48095104,Pequena
11580144,Micro
18675185,Pequena
12002804,Pequena
10782639,Média
06197766,Micro
32680500,Micro
03814734,Micro
22862086,Micro
13342753,Pequena
00298863,Micro
07678205,Micro
04735910,Micro
20969728,Micro
10923803,Micro
27347894,Micro
38240209,Média
17112040,Micro
11917733,Pequena
42563290,Micro
03589899,Micro
09338997,Pequena
00682642,Pequena
18035660,Micro
15448429,Micro
23452238,Pequena
02914806,Micro
29398209,Pequena
01707112,Pequena
12312799,Pequena
30693376,Micro
16753841,Micro
10530141,Pequena
24575297,Micro
05607666,Micro
00823434,Micro
12489837,Micro
48973289,Pequena
37999873,Micro
10581362,Pequena
46042619,Pequena
26552611,Pequena
55436580,Micro
10299764,Pequena
04789378,Micro
05419173,Micro
07111432,Micro
07849197,Micro
78908266,Pequena
09378950,Micro
48821494,Micro
24883020,Média
24487886,Micro
02329713,Micro
12651076,Micro
10198241,Micro
14702257,Média
08343492,Média
50362100,Micro
34505042,Pequena
69987485,Micro
02327768,Pequena
23953373,Micro
24408420,Pequena
41053365,Micro
43931923,Pequena
12301511,Pequena
12303616,Média
06009273,Pequena
06980064,Pequena
06034228,Pequena
12733937,Média
21344990,Pequena
44446309,Micro
10803013,Micro
24987856,Pequena
40917346,Média
19197536,Micro
04426278,Micro
70940994,Pequena
75315333,Média
31750099,Micro
34152715,Micro
23238400,Pequena
35292769,Pequena
19605528,Micro
13154151,Média
08618647,Média
12213443,Grande
03921745,Pequena
36376728,Micro
60625829,Média
28074566,Micro
34607256,Micro
02072980,Micro
14650244,Média
19024253,Média
36434141,Micro
47074912,Micro
24515392,Pequena
20058986,Micro
28094708,Micro
34566702,Micro
20699343,Micro
28450759,Micro
23693654,Pequena
10412434,Média
29826376,Micro
10702260,Micro
09423483,Micro
16682715,Pequena
01864858,Micro
08614679,Pequena
29564421,Micro
07302129,Pequena
06698221,Pequena
41948207,Micro
07196033,Grande
47016991,Pequena
12517553,Pequena
49930514,Pequena
39886818,Pequena
11545086,Média
25245517,Micro
45417851,Micro
20701861,Micro
17083095,Pequena
44835017,Pequena
45702351,Micro
12718011,Grande
10260801,Micro
26155529,Pequena
05383352,Micro
04396985,Média
03246173,Pequena
18403814,Micro
16619378,Micro
13982530,Micro
13350020,Micro
12517413,Pequena
12201058,Micro
09814493,Micro
12542999,Média
05481218,Micro
43232996,Micro
00482915,Micro
35191383,Micro
21432103,Grande
21316170,Média
12621462,Micro
12952537,Micro
07472625,Micro
39282073,Micro
43091153,Pequena
15613922,Micro
52673825,Pequena
37288984,Pequena
26609733,Pequena
11188176,Pequena
11139332,Média
08445132,Média
06007841,Média
12270195,Pequena
12380887,Pequena
14313789,Pequena
47964831,Pequena
05972996,Micro
09276767,Grande
18842121,Grande
63477520,Média
06171493,Pequena
30483453,Pequena
12333753,Micro
41157967,Grande
16982376,Média
12307187,Grande
12415313,Média
12970570,Micro
14554855,Pequena
21471093,Grande
15231897,Grande
08850788,Pequena
26619758,Pequena
37308375,Pequena
00887925,Micro
08204123,Micro
36381626,Pequena
26372008,Pequena
02688725,Micro
35123871,Micro
04224419,Micro
61289423,Micro
06190387,Micro
32863295,Micro
96825575,Pequena
12303541,Pequena
11918091,Pequena
45374855,Micro
12069166,Micro
14793555,Média
19420544,Micro
40924102,Grande
45456117,Micro
18513216,Micro
24239931,Pequena
09555120,Média
08511719,Média
05862270,Pequena
03513308,Pequena
12737680,Média
41281917,Micro
39965463,Micro
41167347,Média
03032961,Micro
18748007,Média
09066964,Pequena
00469393,Média
11544373,Micro
10331633,Micro
20725521,Micro
09601087,Micro
05204509,Pequena
14871050,Micro
13152804,Média
54841751,Pequena
47069074,Pequena
18414740,Pequena
31518231,Micro
27446620,Micro
24322398,Pequena
01393074,Média
11248065,Micro
05439911,Micro
06228417,Pequena
12261228,Média
12264628,Micro
35634435,Micro
40919185,Pequena
19216314,Pequena
12367892,Micro
12356879,Micro
12350146,Micro
12251468,Micro
12250999,Micro
12228904,Micro
24506839,Micro
12226205,Micro
12207544,Micro
12250684,Micro
12207403,Micro
16986057,Micro
28726763,Micro
12421137,Micro
11907140,Grande
26773483,Média
16811100,Micro
03894943,Micro
29161215,Pequena
35371749,Micro
35734318,Grande
40202622,Pequena
12200333,Micro
29722597,Pequena
28620879,Média
27680140,Micro
20293552,Média
15138340,Média
09511455,Micro
15581636,Média
47285946,Pequena
05478567,Média
03798336,Média
07524928,Pequena
11069316,Pequena
17576754,Micro
34028316,Grande
24166688,Média
07522191,Média
03555402,Média
10494027,Pequena
08364485,Pequena
36339321,Micro
09438676,Micro
08435257,Pequena
27806530,Micro
35567684,Pequena
35728880,Média
11421889,Média
50370509,Pequena
02736595,Grande
07031865,Média
05097317,Pequena
02181391,Micro
35518797,Micro
69975530,Micro
58528303,Pequena
58377116,Pequena
02644422,Micro
46393484,Micro
14937103,Pequena
04522379,Pequena
12243697,Micro
13625508,Micro
12369872,Micro
13351810,Micro
01393072,Pequena
02143828,Pequena
05612717,Pequena
09232993,Micro
12200259,Grande
13212027,Micro
35398478,Média
33718671,Pequena
14179637,Micro
09116721,Micro
29919761,Micro
42150391,Pequena
06877489,Pequena
10897687,Pequena
08612368,Pequena
03692424,Pequena
08840340,Média
05900886,Pequena
09168566,Micro
08623589,Micro
01596670,Micro
01334368,Média
09426272,Média
00562968,Pequena
11188276,Média
50109271,Pequena
10925899,Pequena
40970440,Pequena
10472933,Pequena
57179215,Média
12363594,Média
13898154,Pequena
47967706,Micro
20279762,Micro
24174070,Pequena
04869169,Média
36862046,Micro
30799202,Micro
22148789,Pequena
49871213,Grande
23619452,Pequena
54430907,Pequena
12200150,Micro
19859870,Micro
18593815,Média
24166316,Grande
13647785,Pequena
10611403,Micro
10485700,Micro
12481800,Média
22318086,Micro
29130610,Micro
25079321,Pequena
36359686,Média
36069750,Micro
31948471,Micro
12944401,Média
19284040,Pequena
04287461,Pequena
54502107,Micro
52571738,Micro
20664328,Micro
44992350,Média
41194558,Micro
01771408,Micro
00421822,Micro
21025561,Micro
10145486,Pequena
06877748,Pequena
00741946,Micro
12771703,Micro
02949016,Média
69983484,Média
04769851,Micro
05208211,Média
06351389,Micro
00837546,Micro
03798361,Média
56263534,Média
08465020,Micro
54475254,Média
63524157,Micro
54409926,Pequena
14732792,Micro
02890163,Micro
07968028,Micro
11347867,Micro
60818177,Pequena
57706135,Pequena
55611386,Média
54209896,Micro
24307233,Pequena
19528581,Pequena
38732934,Micro
52330340,Pequena
29920046,Micro
08309143,Pequena
12265468,Micro
32564136,Micro
12272084,Grande
12712261,Micro
29061526,Pequena
49515673,Micro
05977510,Pequena
10887669,Micro
33240746,Micro
15658194,Micro
05550193,Pequena
00321975,Média
01030003,Micro
01104932,Pequena
01637593,Grande
02177802,Micro
02709449,Micro
03340630,Pequena
03360646,Pequena
03418733,Pequena
03722728,Média
03866223,Média
04175211,Micro
04287896,Pequena
04408182,Micro
04663874,Micro
04730141,Micro
05154589,Pequena
05158542,Grande
05342580,Micro
05453608,Micro
06143647,Média
06206305,Micro
06643226,Micro
08097092,Pequena
08650571,Média
08680499,Micro
09467555,Micro
10340747,Pequena
11161579,Pequena
12164854,Pequena
12191409,Grande
12200275,Pequena
12229415,Grande
12259040,Micro
12264230,Micro
12268876,Micro
12282034,Grande
12294708,Grande
12332946,Micro
12423715,Pequena
12442737,Grande
12706289,Grande
12931954,Pequena
14009128,Micro
14783509,Pequena
15401489,Pequena
17288410,Micro
17738670,Micro
18448770,Pequena
18898467,Micro
19704303,Micro
20277884,Grande
20790997,Micro
21652038,Pequena
22221387,Pequena
23499339,Micro
24321382,Micro
24328700,Média
24408550,Pequena
24467896,Pequena
24481517,Micro
26212676,Micro
26969453,Micro
28017647,Pequena
33564543,Micro
33641358,Micro
33841727,Média
34186669,Média
34295211,Micro
35050445,Micro
35370113,Micro
39580673,Grande
39813810,Micro
49571914,Micro
49616500,Micro
49820150,Micro
51513789,Micro
59279481,Micro
62258884,Média
83475913,Grande
